,btc_row_id,btc_id,btc_dt,btc_low,btc_high,btc_open,btc_close,btc_volume,target
1,1,BTC_USDT,2020-11-01,13620.57,13888.45,13790.61,13747.25,9018406.0,13558.84
2,2,BTC_USDT,2020-11-02,13207.51,13825.0,13749.99,13558.84,19482722.0,14014.59
3,3,BTC_USDT,2020-11-03,13287.61,14046.57,13556.05,14014.59,17432730.0,14133.45
4,4,BTC_USDT,2020-11-04,13532.19,14240.0,14014.59,14133.45,19503998.0,15586.95
5,5,BTC_USDT,2020-11-05,14092.32,15740.0,14143.7,15586.95,38253920.0,15579.32
6,6,BTC_USDT,2020-11-06,15178.74,15947.42,15586.62,15579.32,29066916.0,14817.41
7,7,BTC_USDT,2020-11-07,14357.0,15743.08,15579.32,14817.41,29940210.0,15470.96
8,8,BTC_USDT,2020-11-08,14704.46,15644.82,14814.01,15470.96,18590770.0,15316.51
9,9,BTC_USDT,2020-11-09,14821.57,15830.0,15471.25,15316.51,31110592.0,15303.0
10,10,BTC_USDT,2020-11-10,15080.7,15464.16,15332.94,15303.0,15419673.0,15686.8
11,11,BTC_USDT,2020-11-11,15277.06,15971.8,15297.12,15686.8,18940548.0,16292.95
12,12,BTC_USDT,2020-11-12,15459.65,16332.1,15694.13,16292.95,30938796.0,16319.49
13,13,BTC_USDT,2020-11-13,15962.19,16463.0,16286.69,16319.49,18924386.0,16060.8
14,14,BTC_USDT,2020-11-14,15700.0,16326.04,16321.08,16060.8,17572642.0,15947.27
15,15,BTC_USDT,2020-11-15,15785.74,16158.03,16067.98,15947.27,8532305.0,16711.46
16,16,BTC_USDT,2020-11-16,15868.2,16872.41,15946.98,16711.46,23417972.0,17652.77
17,17,BTC_USDT,2020-11-17,16558.97,17848.0,16709.71,17652.77,30009394.0,17778.24
18,18,BTC_USDT,2020-11-18,17250.69,18457.91,17648.88,17778.24,55666376.0,17802.86
19,19,BTC_USDT,2020-11-19,17368.98,18164.23,17785.28,17802.86,32525410.0,18656.04
20,20,BTC_USDT,2020-11-20,17750.0,18792.91,17797.07,18656.04,36869016.0,18705.13
21,21,BTC_USDT,2020-11-21,18345.28,18949.68,18668.63,18705.13,30726866.0,18418.9
22,22,BTC_USDT,2020-11-22,17623.71,18746.55,18704.99,18418.9,33566208.0,18372.64
23,23,BTC_USDT,2020-11-23,18006.24,18758.31,18412.01,18372.64,31197574.0,19157.86
24,24,BTC_USDT,2020-11-24,18042.0,19414.0,18367.95,19157.86,42584300.0,18736.61
25,25,BTC_USDT,2020-11-25,18600.0,19478.03,19151.63,18736.61,36613972.0,17146.01
26,26,BTC_USDT,2020-11-26,16219.64,18909.25,18725.38,17146.01,85893384.0,17135.64
27,27,BTC_USDT,2020-11-27,16478.0,17453.7,17146.01,17135.64,41028052.0,17727.52
28,28,BTC_USDT,2020-11-28,16884.03,17872.26,17139.81,17727.52,24202674.0,18174.53
29,29,BTC_USDT,2020-11-29,17524.73,18328.0,17712.89,18174.53,23680722.0,19687.74
30,30,BTC_USDT,2020-11-30,18175.43,19849.0,18175.43,19687.74,47092164.0,18763.44
31,31,BTC_USDT,2020-12-01,18097.35,19885.58,19695.5,18763.44,45589116.0,19225.36
32,32,BTC_USDT,2020-12-02,18347.0,19333.0,18762.93,19225.36,25745038.0,19428.82
33,33,BTC_USDT,2020-12-03,18881.84,19592.61,19203.86,19428.82,20710552.0,18661.57
34,34,BTC_USDT,2020-12-04,18533.08,19516.03,19418.11,18661.57,22363326.0,19153.89
35,35,BTC_USDT,2020-12-05,18522.87,19160.0,18650.0,19153.89,7741589.5,19365.67
36,36,BTC_USDT,2020-12-06,18880.79,19407.99,19149.13,19365.67,16194252.0,19179.75
37,37,BTC_USDT,2020-12-07,18910.0,19420.91,19365.75,19179.75,23565918.0,18330.0
38,38,BTC_USDT,2020-12-08,18210.0,19291.94,19176.93,18330.0,32168834.0,18554.97
39,39,BTC_USDT,2020-12-09,17661.53,18625.25,18319.96,18554.97,28496766.0,18241.22
40,40,BTC_USDT,2020-12-10,17919.52,18548.3,18539.38,18241.22,22348544.0,18020.4
41,41,BTC_USDT,2020-12-11,17600.0,18285.39,18240.71,18020.4,21134858.0,18806.43
42,42,BTC_USDT,2020-12-12,18018.84,18939.12,18025.81,18806.43,19450388.0,19173.09
43,43,BTC_USDT,2020-12-13,18720.59,19405.0,18802.55,19173.09,17516282.0,19278.77
44,44,BTC_USDT,2020-12-14,19002.48,19345.0,19159.5,19278.77,19096420.0,19426.77
45,45,BTC_USDT,2020-12-15,19061.58,19563.19,19277.21,19426.77,18906878.0,21329.05
46,46,BTC_USDT,2020-12-16,19285.39,21539.99,19423.38,21329.05,43585088.0,22800.28
47,47,BTC_USDT,2020-12-17,21238.0,23765.0,21327.98,22800.28,83772184.0,23102.46
48,48,BTC_USDT,2020-12-18,22359.9,23265.3,22800.53,23102.46,35293008.0,23821.7
49,49,BTC_USDT,2020-12-19,22750.0,24154.0,23110.0,23821.7,37511960.0,23488.58
50,50,BTC_USDT,2020-12-20,23079.04,24285.45,23827.49,23488.58,30337384.0,22713.86
51,51,BTC_USDT,2020-12-21,21950.0,24106.34,23466.39,22713.86,46467204.0,23808.33
52,52,BTC_USDT,2020-12-22,22300.15,23822.93,22727.08,23808.33,30773324.0,23235.17
53,53,BTC_USDT,2020-12-23,22630.7,24110.14,23810.95,23235.17,48179588.0,23738.86
54,54,BTC_USDT,2020-12-24,22717.0,23800.0,23235.17,23738.86,33173000.0,24690.6
55,55,BTC_USDT,2020-12-25,23437.17,24779.94,23750.23,24690.6,35928196.0,26449.61
56,56,BTC_USDT,2020-12-26,24470.21,26850.0,24712.36,26449.61,44946740.0,26289.03
57,57,BTC_USDT,2020-12-27,25821.82,28400.11,26457.13,26289.03,66899496.0,27076.17
58,58,BTC_USDT,2020-12-28,26125.02,27489.84,26288.74,27076.17,38104932.0,27370.0
59,59,BTC_USDT,2020-12-29,25856.2,27397.22,27072.6,27370.0,41314240.0,28884.25
60,60,BTC_USDT,2020-12-30,27357.52,29197.78,27370.0,28884.25,68648320.0,28920.32
61,61,BTC_USDT,2020-12-31,27911.57,29433.7,28886.28,28920.32,48781800.0,29330.13
62,62,BTC_USDT,2021-01-01,28656.9,29599.0,28917.89,29330.13,28527344.0,32184.51
63,63,BTC_USDT,2021-01-02,28963.7,33242.72,29322.31,32184.51,75231128.0,33012.98
64,64,BTC_USDT,2021-01-03,31993.0,34774.11,32202.54,33012.98,74159600.0,31996.26
65,65,BTC_USDT,2021-01-04,27973.97,33563.78,33026.02,31996.26,106105840.0,33945.29
66,66,BTC_USDT,2021-01-05,29919.29,34384.97,32004.61,33945.29,73043152.0,36755.11
67,67,BTC_USDT,2021-01-06,33294.72,36925.0,33966.56,36755.11,79778432.0,39430.38
68,68,BTC_USDT,2021-01-07,36300.0,40311.35,36780.0,39430.38,121815392.0,40600.0
69,69,BTC_USDT,2021-01-08,36596.8,41888.0,39426.44,40600.0,135282224.0,40091.1
70,70,BTC_USDT,2021-01-09,38750.0,41352.32,40594.55,40091.1,87561840.0,38181.9
71,71,BTC_USDT,2021-01-10,35135.5,41292.9,40093.11,38181.9,94618352.0,35438.7
72,72,BTC_USDT,2021-01-11,30313.0,38244.94,38181.9,35438.7,214401456.0,34063.08
73,73,BTC_USDT,2021-01-12,32551.48,36600.0,35410.25,34063.08,123543928.0,37369.23
74,74,BTC_USDT,2021-01-13,32400.0,37777.0,34050.3,37369.23,100105464.0,39158.75
75,75,BTC_USDT,2021-01-14,36760.59,40080.0,37369.23,39158.75,90227200.0,36745.86
76,76,BTC_USDT,2021-01-15,34444.0,39710.34,39156.0,36745.86,114048536.0,36011.1
77,77,BTC_USDT,2021-01-16,35253.3,37950.41,36757.87,36011.1,73372760.0,35835.93
78,78,BTC_USDT,2021-01-17,33872.68,36850.0,36001.8,35835.93,46710744.0,36610.62
79,79,BTC_USDT,2021-01-18,34783.0,37434.54,35823.85,36610.62,57078604.0,35894.65
80,80,BTC_USDT,2021-01-19,35871.69,37839.2,36623.19,35894.65,66669348.0,35482.96
81,81,BTC_USDT,2021-01-20,33408.0,36404.87,35927.02,35482.96,83714664.0,30841.82
82,82,BTC_USDT,2021-01-21,30096.53,35596.45,35482.96,30841.82,101844952.0,32969.66
83,83,BTC_USDT,2021-01-22,28863.91,33799.5,30856.51,32969.66,73663568.0,32074.95
84,84,BTC_USDT,2021-01-23,31312.27,33431.78,32936.47,32074.95,33504806.0,32220.31
85,85,BTC_USDT,2021-01-24,30923.06,33057.11,32074.32,32220.31,29504198.0,32275.9
86,86,BTC_USDT,2021-01-25,31906.83,34823.59,32255.92,32275.9,57954272.0,32490.94
87,87,BTC_USDT,2021-01-26,30833.68,32885.0,32216.1,32490.94,47735848.0,30363.05
88,88,BTC_USDT,2021-01-27,29252.34,32550.24,32486.92,30363.05,82984928.0,33350.57
89,89,BTC_USDT,2021-01-28,29836.73,33746.12,30384.0,33350.57,70325936.0,34258.12
90,90,BTC_USDT,2021-01-29,31912.0,38380.0,33354.29,34258.12,138913408.0,34291.45
91,91,BTC_USDT,2021-01-30,32862.57,34922.02,34258.12,34291.45,45466340.0,33103.96
92,92,BTC_USDT,2021-01-31,32200.0,34325.32,34275.54,33103.96,38154716.0,33537.99
93,93,BTC_USDT,2021-02-01,32305.45,34682.76,33108.61,33537.99,63827664.0,35489.92
94,94,BTC_USDT,2021-02-02,33437.31,35960.52,33515.65,35489.92,42379884.0,37633.95
95,95,BTC_USDT,2021-02-03,35387.0,37653.11,35477.97,37633.95,46897940.0,36971.58
96,96,BTC_USDT,2021-02-04,36193.1,38682.56,37638.93,36971.58,64092944.0,38271.81
97,97,BTC_USDT,2021-02-05,36551.6,38296.78,36940.46,38271.81,39773992.0,39200.0
98,98,BTC_USDT,2021-02-06,38230.28,40934.27,38291.98,39200.0,65364216.0,38814.4
99,99,BTC_USDT,2021-02-07,37322.11,39694.0,39209.12,38814.4,58152820.0,46359.36
100,100,BTC_USDT,2021-02-08,38020.78,46599.0,38814.4,46359.36,112703776.0,46453.22
101,101,BTC_USDT,2021-02-09,45001.0,48108.9,46379.22,46453.22,97150928.0,44816.95
102,102,BTC_USDT,2021-02-10,43762.78,47300.0,46472.74,44816.95,102666240.0,47974.24
103,103,BTC_USDT,2021-02-11,44020.6,48634.66,44814.71,47974.24,76853632.0,47340.41
104,104,BTC_USDT,2021-02-12,46161.55,48982.14,48006.69,47340.41,76997576.0,47150.79
105,105,BTC_USDT,2021-02-13,46275.0,48094.12,47307.97,47150.79,52356652.0,48577.4
106,106,BTC_USDT,2021-02-14,47037.0,49600.0,47157.96,48577.4,54746056.0,47925.74
107,107,BTC_USDT,2021-02-15,45792.0,48993.3,48601.67,47925.74,79540904.0,49171.45
108,108,BTC_USDT,2021-02-16,47052.61,50300.0,47905.96,49171.45,94493976.0,52098.25
109,109,BTC_USDT,2021-02-17,48975.77,52594.1,49171.45,52098.25,89111584.0,51586.06
110,110,BTC_USDT,2021-02-18,50928.19,52522.09,52112.7,51586.06,53673596.0,55878.33
111,111,BTC_USDT,2021-02-19,50785.84,56273.6,51585.0,55878.33,98422584.0,55872.91
112,112,BTC_USDT,2021-02-20,54000.0,57559.51,55902.76,55872.91,81627256.0,57415.48
113,113,BTC_USDT,2021-02-21,55484.47,58320.0,55872.91,57415.48,61000472.0,54115.72
114,114,BTC_USDT,2021-02-22,48010.0,57489.07,57413.78,54115.72,202277072.0,48893.56
115,115,BTC_USDT,2021-02-23,45000.0,54195.4,54117.67,48893.56,196287696.0,49694.85
116,116,BTC_USDT,2021-02-24,47012.37,51347.54,48893.56,49694.85,82245600.0,47071.98
117,117,BTC_USDT,2021-02-25,46719.5,52019.28,49678.34,47071.98,82378328.0,46310.0
118,118,BTC_USDT,2021-02-26,44122.21,48448.57,47046.15,46310.0,95758048.0,46121.94
119,119,BTC_USDT,2021-02-27,45000.0,48388.98,46320.0,46121.94,56930212.0,45170.08
120,120,BTC_USDT,2021-02-28,43000.0,46615.78,46116.19,45170.08,81218848.0,49601.29
121,121,BTC_USDT,2021-03-01,44953.2,49777.0,45170.08,49601.29,75908416.0,48415.66
122,122,BTC_USDT,2021-03-02,47070.27,50199.99,49589.37,48415.66,58233784.0,50384.42
123,123,BTC_USDT,2021-03-03,48112.99,52605.81,48415.66,50384.42,78667160.0,48358.98
124,124,BTC_USDT,2021-03-04,47525.0,51760.36,50381.7,48358.98,78293136.0,48732.36
125,125,BTC_USDT,2021-03-05,46325.0,49421.65,48373.49,48732.36,54720004.0,48889.17
126,126,BTC_USDT,2021-03-06,47142.35,49184.93,48751.31,48889.17,36783744.0,50940.44
127,127,BTC_USDT,2021-03-07,48878.15,51445.0,48907.84,50940.44,39978192.0,52386.42
128,128,BTC_USDT,2021-03-08,49284.87,52386.42,50976.19,52386.42,57147344.0,54887.34
129,129,BTC_USDT,2021-03-09,51860.78,54888.0,52372.57,54887.34,60133080.0,55858.02
130,130,BTC_USDT,2021-03-10,53000.0,57372.37,54876.63,55858.02,85139128.0,57790.97
131,131,BTC_USDT,2021-03-11,54321.0,58127.81,55892.18,57790.97,83617080.0,57248.2
132,132,BTC_USDT,2021-03-12,55060.0,58062.58,57825.55,57248.2,90422720.0,61179.99
133,133,BTC_USDT,2021-03-13,56000.0,61799.0,57247.04,61179.99,82752896.0,59000.84
134,134,BTC_USDT,2021-03-14,59000.84,61707.47,61183.63,59000.84,51441400.0,55638.21
135,135,BTC_USDT,2021-03-15,54628.58,60629.27,59000.84,55638.21,97420248.0,56900.99
136,136,BTC_USDT,2021-03-16,53297.88,56912.99,55600.0,56900.99,76137440.0,58893.02
137,137,BTC_USDT,2021-03-17,54162.36,58973.0,56898.21,58893.02,57561280.0,57662.26
138,138,BTC_USDT,2021-03-18,57057.0,60081.0,58913.31,57662.26,58499572.0,58053.0
139,139,BTC_USDT,2021-03-19,56305.0,59450.0,57670.66,58053.0,59440156.0,58075.0
140,140,BTC_USDT,2021-03-20,57820.98,59867.5,58039.83,58075.0,51725688.0,57369.42
141,141,BTC_USDT,2021-03-21,55500.0,58592.99,58080.62,57369.42,57023268.0,54086.66
142,142,BTC_USDT,2021-03-22,53700.0,58470.14,57386.17,54086.66,56017084.0,54376.24
143,143,BTC_USDT,2021-03-23,53000.0,55832.15,54085.67,54376.24,49482544.0,52319.8
144,144,BTC_USDT,2021-03-24,51774.91,57200.0,54345.77,52319.8,67736272.0,51328.05
145,145,BTC_USDT,2021-03-25,50483.38,53217.8,52316.18,51328.05,61408356.0,55016.76
146,146,BTC_USDT,2021-03-26,51267.23,55038.82,51277.24,55016.76,35499020.0,55855.27
147,147,BTC_USDT,2021-03-27,53967.74,56645.32,55008.35,55855.27,28802482.0,55773.96
148,148,BTC_USDT,2021-03-28,54700.0,56517.75,55828.0,55773.96,23791014.0,57620.8
149,149,BTC_USDT,2021-03-29,54940.24,58332.14,55769.13,57620.8,44980120.0,58747.99
150,150,BTC_USDT,2021-03-30,57085.0,59360.0,57614.0,58747.99,29649102.0,58743.33
151,151,BTC_USDT,2021-03-31,56846.53,59782.49,58747.99,58743.33,60032188.0,58723.02
152,152,BTC_USDT,2021-04-01,57908.24,59460.74,58735.19,58723.02,39524004.0,58988.73
153,153,BTC_USDT,2021-04-02,58468.99,60111.0,58749.0,58988.73,41573476.0,57066.0
154,154,BTC_USDT,2021-04-03,56937.18,59789.99,58988.0,57066.0,52739136.0,58209.0
155,155,BTC_USDT,2021-04-04,56467.05,58468.88,57066.0,58209.0,47306340.0,59113.17
156,156,BTC_USDT,2021-04-05,56816.0,59250.0,58209.0,59113.17,68743080.0,57987.69
157,157,BTC_USDT,2021-04-06,57400.0,59461.12,59117.87,57987.69,65477072.0,55949.53
158,158,BTC_USDT,2021-04-07,55240.12,58620.86,57987.69,55949.53,83838784.0,58069.5
159,159,BTC_USDT,2021-04-08,55717.63,58148.6,55945.49,58069.5,34203244.0,58120.31
160,160,BTC_USDT,2021-04-09,57679.99,58876.91,58069.0,58120.31,24834850.0,59780.84
161,161,BTC_USDT,2021-04-10,57885.91,61246.06,58127.99,59780.84,63303608.0,60010.44
162,162,BTC_USDT,2021-04-11,59264.29,60666.66,59779.09,60010.44,30346166.0,59849.87
163,163,BTC_USDT,2021-04-12,59350.28,61227.56,60010.44,59849.87,50600968.0,63562.97
164,164,BTC_USDT,2021-04-13,59813.0,63696.01,59847.88,63562.97,108754440.0,62957.99
165,165,BTC_USDT,2021-04-14,61347.84,64970.0,63573.51,62957.99,102807448.0,63143.05
166,166,BTC_USDT,2021-04-15,62002.87,63765.99,62959.65,63143.05,58994344.0,61399.17
167,167,BTC_USDT,2021-04-16,60000.0,63528.39,63156.55,61399.17,94993696.0,59996.0
168,168,BTC_USDT,2021-04-17,59610.0,62549.99,61396.1,59996.0,51852064.0,56170.2
169,169,BTC_USDT,2021-04-18,51680.96,60343.0,59996.0,56170.2,122020200.0,55614.39
170,170,BTC_USDT,2021-04-19,54257.0,57510.34,56143.97,55614.39,57661056.0,56468.76
171,171,BTC_USDT,2021-04-20,53360.93,57059.85,55622.57,56468.76,92885728.0,53771.35
172,172,BTC_USDT,2021-04-21,53610.0,56760.94,56438.78,53771.35,44810544.0,51711.12
173,173,BTC_USDT,2021-04-22,50431.04,55470.54,53771.94,51711.12,78899152.0,51130.62
174,174,BTC_USDT,2021-04-23,47750.0,52132.09,51682.04,51130.62,121240096.0,50021.51
175,175,BTC_USDT,2021-04-24,48688.0,51177.07,51122.81,50021.51,52908720.0,49093.37
176,176,BTC_USDT,2021-04-25,47000.0,50532.42,50090.43,49093.37,46790080.0,54011.88
177,177,BTC_USDT,2021-04-26,48730.36,54331.94,49066.82,54011.88,61437344.0,55013.89
178,178,BTC_USDT,2021-04-27,53268.02,55400.0,53954.43,55013.89,57506964.0,54827.0
179,179,BTC_USDT,2021-04-28,53806.14,56312.97,55013.75,54827.0,55079136.0,53550.93
180,180,BTC_USDT,2021-04-29,52375.47,55175.47,54831.0,53550.93,29214484.0,57655.73
181,181,BTC_USDT,2021-04-30,53050.0,57800.0,53550.23,57655.73,38174092.0,57794.78
182,182,BTC_USDT,2021-05-01,57001.0,58363.08,57655.73,57794.78,30551810.0,56576.03
183,183,BTC_USDT,2021-05-02,56079.39,57892.55,57798.99,56576.03,27444998.0,57164.68
184,184,BTC_USDT,2021-05-03,56458.0,58900.0,56566.55,57164.68,42715028.0,53252.32
185,185,BTC_USDT,2021-05-04,51050.0,58300.0,57185.51,53252.32,90319488.0,57424.0
186,186,BTC_USDT,2021-05-05,53000.0,57948.32,53237.79,57424.0,58125188.0,56405.75
187,187,BTC_USDT,2021-05-06,55211.43,58344.07,57424.0,56405.75,49439912.0,57313.91
188,188,BTC_USDT,2021-05-07,55246.82,58615.06,56407.51,57313.91,59516764.0,58773.13
189,189,BTC_USDT,2021-05-08,56926.72,59343.55,57313.91,58773.13,64548812.0,58235.33
190,190,BTC_USDT,2021-05-09,56250.0,59175.52,58773.13,58235.33,56333428.0,55810.51
191,191,BTC_USDT,2021-05-10,54275.0,59383.46,58253.92,55810.51,65541612.0,56659.75
192,192,BTC_USDT,2021-05-11,54487.0,56814.0,55821.72,56659.75,46422520.0,49560.08
193,193,BTC_USDT,2021-05-12,48500.0,57925.14,56658.08,49560.08,81451296.0,49680.8
194,194,BTC_USDT,2021-05-13,46250.0,51323.99,49560.08,49680.8,102644000.0,49832.0
195,195,BTC_USDT,2021-05-14,48850.0,51462.39,49680.8,49832.0,53966176.0,46788.14
196,196,BTC_USDT,2021-05-15,46590.37,50645.97,49869.71,46788.14,75972488.0,46395.31
197,197,BTC_USDT,2021-05-16,43867.29,49779.97,46778.19,46395.31,83046944.0,43533.07
198,198,BTC_USDT,2021-05-17,42142.85,46600.0,46418.76,43533.07,97679984.0,42861.82
199,199,BTC_USDT,2021-05-18,42280.43,45761.78,43552.8,42861.82,63110844.0,36645.54
200,200,BTC_USDT,2021-05-19,30010.0,43548.0,42833.31,36645.54,254215472.0,40475.04
201,201,BTC_USDT,2021-05-20,34911.95,42382.52,36672.94,40475.04,124856320.0,37263.87
202,202,BTC_USDT,2021-05-21,33504.82,42200.0,40536.57,37263.87,113586752.0,37448.7
203,203,BTC_USDT,2021-05-22,35207.7,38808.26,37250.55,37448.7,47949088.0,34643.06
204,204,BTC_USDT,2021-05-23,31143.32,38263.39,37462.51,34643.06,146898176.0,38795.91
205,205,BTC_USDT,2021-05-24,34391.33,39903.97,34655.78,38795.91,64966112.0,38329.0
206,206,BTC_USDT,2021-05-25,36443.0,39778.23,38795.91,38329.0,59201276.0,39233.81
207,207,BTC_USDT,2021-05-26,37818.77,40841.16,38341.57,39233.81,44123116.0,38495.73
208,208,BTC_USDT,2021-05-27,37152.08,40392.53,39240.0,38495.73,38767428.0,35671.78
209,209,BTC_USDT,2021-05-28,34725.0,38870.12,38548.8,35671.78,65104724.0,34591.0
210,210,BTC_USDT,2021-05-29,33632.3,37300.0,35660.96,34591.0,32954960.0,35660.36
211,211,BTC_USDT,2021-05-30,33400.0,36469.61,34598.82,35660.36,30749490.0,37263.56
212,212,BTC_USDT,2021-05-31,34164.16,37477.6,35642.94,37263.56,35657056.0,36685.0
213,213,BTC_USDT,2021-06-01,35696.69,37884.45,37261.69,36685.0,28514752.0,37575.9
214,214,BTC_USDT,2021-06-02,35947.4,38220.93,36685.0,37575.9,24198176.0,39236.67
215,215,BTC_USDT,2021-06-03,37197.4,39467.0,37572.82,39236.67,33128544.0,36834.99
216,216,BTC_USDT,2021-06-04,35600.0,39275.29,39238.63,36834.99,48961252.0,35509.43
217,217,BTC_USDT,2021-06-05,34823.08,37910.7,36833.15,35509.43,33339028.0,35793.27
218,218,BTC_USDT,2021-06-06,35228.85,36465.35,35509.43,35793.27,20314980.0,33559.55
219,219,BTC_USDT,2021-06-07,33368.94,36811.59,35793.27,33559.55,55294048.0,33383.64
220,220,BTC_USDT,2021-06-08,31030.61,34055.91,33566.41,33383.64,53727752.0,37350.0
221,221,BTC_USDT,2021-06-09,32408.16,37521.75,33379.52,37350.0,68500080.0,36641.4
222,222,BTC_USDT,2021-06-10,35814.1,38420.0,37375.38,36641.4,54164860.0,37308.12
223,223,BTC_USDT,2021-06-11,35974.68,37670.39,36687.93,37308.12,29561896.0,35523.66
224,224,BTC_USDT,2021-06-12,34585.36,37455.9,37299.84,35523.66,37835116.0,39037.79
225,225,BTC_USDT,2021-06-13,34768.34,39344.0,35525.34,39037.79,39271732.0,40514.95
226,226,BTC_USDT,2021-06-14,38736.11,41021.88,39017.16,40514.95,37449608.0,40146.49
227,227,BTC_USDT,2021-06-15,39529.41,41310.47,40515.74,40146.49,26937274.0,38336.7
228,228,BTC_USDT,2021-06-16,38113.01,40481.56,40146.88,38336.7,33589388.0,38080.0
229,229,BTC_USDT,2021-06-17,37388.88,39534.77,38353.75,38080.0,27327448.0,35807.81
230,230,BTC_USDT,2021-06-18,35148.32,38193.87,38101.21,35807.81,26847792.0,35504.0
231,231,BTC_USDT,2021-06-19,34845.76,36416.93,35807.81,35504.0,21513738.0,35591.91
232,232,BTC_USDT,2021-06-20,33352.06,36112.36,35486.13,35591.91,27796266.0,31636.94
233,233,BTC_USDT,2021-06-21,31253.9,35739.42,35596.89,31636.94,78641960.0,32500.0
234,234,BTC_USDT,2021-06-22,28826.53,33300.0,31613.89,32500.0,101237424.0,33658.55
235,235,BTC_USDT,2021-06-23,31707.1,34825.52,32508.12,33658.55,50338152.0,34656.51
236,236,BTC_USDT,2021-06-24,32334.88,35274.33,33670.32,34656.51,30162092.0,31592.16
237,237,BTC_USDT,2021-06-25,31298.43,35498.0,34663.74,31592.16,39804796.0,32274.17
238,238,BTC_USDT,2021-06-26,30173.0,32702.78,31592.0,32274.17,46249652.0,34650.55
239,239,BTC_USDT,2021-06-27,32002.62,34730.0,32277.23,34650.55,44190276.0,34460.17
240,240,BTC_USDT,2021-06-28,33880.52,35287.95,34708.87,34460.17,39754228.0,35901.87
241,241,BTC_USDT,2021-06-29,34236.82,36590.58,34483.9,35901.87,57800832.0,35036.69
242,242,BTC_USDT,2021-06-30,34052.39,36100.0,35908.62,35036.69,26194492.0,33529.99
243,243,BTC_USDT,2021-07-01,32701.2,35031.66,35026.34,33529.99,31175160.0,33788.57
244,244,BTC_USDT,2021-07-02,32702.28,33970.0,33529.99,33788.57,27758630.0,34670.16
245,245,BTC_USDT,2021-07-03,33332.7,34944.04,33788.57,34670.16,16587762.0,35298.76
246,246,BTC_USDT,2021-07-04,34374.22,35951.09,34669.43,35298.76,15114563.0,33684.95
247,247,BTC_USDT,2021-07-05,33150.0,35297.0,35297.0,33684.95,18656838.0,34228.44
248,248,BTC_USDT,2021-07-06,33550.0,35139.11,33714.58,34228.44,20379962.0,33863.26
249,249,BTC_USDT,2021-07-07,33788.75,35059.2,34190.58,33863.26,18251344.0,32856.36
250,250,BTC_USDT,2021-07-08,32100.0,33919.54,33819.53,32856.36,28348434.0,33834.27
251,251,BTC_USDT,2021-07-09,32284.59,34082.03,32877.5,33834.27,16623987.0,33503.84
252,252,BTC_USDT,2021-07-10,33050.0,34251.91,33820.57,33503.84,12149980.0,34251.65
253,253,BTC_USDT,2021-07-11,33256.05,34608.61,33507.09,34251.65,14598772.0,33107.0
254,254,BTC_USDT,2021-07-12,32665.8,34657.92,34251.65,33107.0,16127118.0,32718.51
255,255,BTC_USDT,2021-07-13,32209.12,33323.18,33090.01,32718.51,17665560.0,32814.99
256,256,BTC_USDT,2021-07-14,31603.65,33090.2,32744.0,32814.99,26370490.0,31877.44
257,257,BTC_USDT,2021-07-15,31152.68,33182.23,32814.99,31877.44,31161452.0,31384.85
258,258,BTC_USDT,2021-07-16,31034.77,32237.85,31877.44,31384.85,24950314.0,31519.21
259,259,BTC_USDT,2021-07-17,31181.08,31938.8,31399.24,31519.21,15469010.0,31777.83
260,260,BTC_USDT,2021-07-18,31019.12,32409.61,31520.35,31777.83,19149428.0,30821.16
261,261,BTC_USDT,2021-07-19,30448.85,31882.37,31803.27,30821.16,17793130.0,29787.96
262,262,BTC_USDT,2021-07-20,29302.68,31053.42,30840.13,29787.96,23019904.0,32136.39
263,263,BTC_USDT,2021-07-21,29500.0,32796.56,29797.93,32136.39,28010210.0,32292.47
264,264,BTC_USDT,2021-07-22,31716.43,32589.57,32138.0,32292.47,18319486.0,33628.6
265,265,BTC_USDT,2021-07-23,31986.19,33628.6,32294.33,33628.6,22146800.0,34250.27
266,266,BTC_USDT,2021-07-24,33400.0,34484.47,33628.6,34250.27,17279464.0,35374.93
267,267,BTC_USDT,2021-07-25,33867.0,35388.99,34259.68,35374.93,24203192.0,37244.82
268,268,BTC_USDT,2021-07-26,35245.64,40519.09,35379.51,37244.82,55125884.0,39471.47
269,269,BTC_USDT,2021-07-27,36399.0,39527.68,37240.75,39471.47,38334648.0,39999.52
270,270,BTC_USDT,2021-07-28,38593.02,40885.77,39453.18,39999.52,30677188.0,40016.0
271,271,BTC_USDT,2021-07-29,39250.98,40620.81,40012.22,40016.0,20362718.0,42183.51
272,272,BTC_USDT,2021-07-30,38330.0,42282.59,40021.73,42183.51,30850936.0,41432.85
273,273,BTC_USDT,2021-07-31,41050.0,42359.03,42203.04,41432.85,30256502.0,39872.15
274,274,BTC_USDT,2021-08-01,39436.21,42577.0,41444.77,39872.15,39849532.0,39157.55
275,275,BTC_USDT,2021-08-02,38671.94,40468.68,39851.99,39157.55,34704340.0,38200.0
276,276,BTC_USDT,2021-08-03,37646.99,39758.81,39145.91,38200.0,20564070.0,39729.71
277,277,BTC_USDT,2021-08-04,37531.37,39951.37,38199.99,39729.71,14634252.0,40855.24
278,278,BTC_USDT,2021-08-05,37349.83,41350.0,39742.03,40855.24,19987368.0,42789.06
279,279,BTC_USDT,2021-08-06,39894.01,43320.0,40855.45,42789.06,32512600.0,44603.34
280,280,BTC_USDT,2021-08-07,42492.27,44689.46,42836.09,44603.34,43221676.0,43777.87
281,281,BTC_USDT,2021-08-08,43297.25,45290.92,44586.0,43777.87,62335508.0,46309.98
282,282,BTC_USDT,2021-08-09,42795.1,46452.96,43797.0,46309.98,53307940.0,45583.64
283,283,BTC_USDT,2021-08-10,44647.24,46666.0,46260.02,45583.64,41199660.0,45543.63
284,284,BTC_USDT,2021-08-11,45357.14,46746.0,45559.65,45543.63,23122830.0,44411.87
285,285,BTC_USDT,2021-08-12,43800.0,46214.0,45533.71,44411.87,30570262.0,47815.6
286,286,BTC_USDT,2021-08-13,44231.21,47862.84,44405.39,47815.6,38193132.0,47056.75
287,287,BTC_USDT,2021-08-14,46019.0,48183.34,47815.0,47056.75,32595620.0,46988.89
288,288,BTC_USDT,2021-08-15,45506.07,47354.26,47088.7,46988.89,23990910.0,45931.96
289,289,BTC_USDT,2021-08-16,45665.09,48034.42,46989.15,45931.96,33262222.0,44690.86
290,290,BTC_USDT,2021-08-17,44399.0,47170.93,45877.43,44690.86,29898764.0,44725.92
291,291,BTC_USDT,2021-08-18,44221.0,46018.5,44682.02,44725.92,28197212.0,46775.0
292,292,BTC_USDT,2021-08-19,43935.29,47026.49,44693.74,46775.0,44858708.0,49314.9
293,293,BTC_USDT,2021-08-20,46640.65,49390.0,46772.84,49314.9,24155106.0,48830.61
294,294,BTC_USDT,2021-08-21,48238.08,49767.99,49331.72,48830.61,33904956.0,49242.6
295,295,BTC_USDT,2021-08-22,48083.64,49498.0,48828.07,49242.6,24920986.0,49529.47
296,296,BTC_USDT,2021-08-23,49036.49,50500.0,49227.59,49529.47,46122016.0,47708.36
297,297,BTC_USDT,2021-08-24,47565.39,49855.01,49482.43,47708.36,40685824.0,48975.5
298,298,BTC_USDT,2021-08-25,47130.0,49244.82,47672.38,48975.5,40712168.0,46845.16
299,299,BTC_USDT,2021-08-26,46315.54,49334.07,48975.5,46845.16,37997520.0,49069.51
300,300,BTC_USDT,2021-08-27,46365.49,49142.89,46839.49,49069.51,40025076.0,48876.08
301,301,BTC_USDT,2021-08-28,48367.41,49279.56,49069.51,48876.08,34313600.0,48762.18
302,302,BTC_USDT,2021-08-29,47800.0,49615.52,48878.11,48762.18,30852910.0,46980.97
303,303,BTC_USDT,2021-08-30,46859.57,48868.04,48761.6,46980.97,31035706.0,47114.67
304,304,BTC_USDT,2021-08-31,46701.65,48237.8,46959.01,47114.67,48969960.0,48831.18
305,305,BTC_USDT,2021-09-01,46525.0,49131.3,47104.12,48831.18,39860104.0,49260.0
306,306,BTC_USDT,2021-09-02,48601.24,50390.0,48823.59,49260.0,41831616.0,49980.26
307,307,BTC_USDT,2021-09-03,48333.53,51007.0,49248.14,49980.26,50163216.0,49906.94
308,308,BTC_USDT,2021-09-04,49306.1,50520.96,49993.42,49906.94,46803864.0,51777.91
309,309,BTC_USDT,2021-09-05,49466.97,52139.01,49924.41,51777.91,28381954.0,52667.75
310,310,BTC_USDT,2021-09-06,50953.73,52756.91,51777.91,52667.75,32941124.0,46833.21
311,311,BTC_USDT,2021-09-07,43000.0,52920.95,52691.46,46833.21,107180880.0,46085.22
312,312,BTC_USDT,2021-09-08,44450.0,47329.38,46812.77,46085.22,52389784.0,46370.4
313,313,BTC_USDT,2021-09-09,45529.79,47404.7,46057.71,46370.4,16916332.0,44839.67
314,314,BTC_USDT,2021-09-10,44159.52,47015.81,46372.71,44839.67,22733100.0,45170.35
315,315,BTC_USDT,2021-09-11,44748.33,45711.07,44855.49,45170.35,8017037.0,46027.93
316,316,BTC_USDT,2021-09-12,44752.55,46435.17,45161.21,46027.93,11906008.0,44935.88
317,317,BTC_USDT,2021-09-13,43367.46,46841.73,46038.73,44935.88,26051240.0,47104.4
318,318,BTC_USDT,2021-09-14,44674.56,47248.93,44935.88,47104.4,17739720.0,48130.98
319,319,BTC_USDT,2021-09-15,46708.58,48428.96,47105.27,48130.98,17956640.0,47764.0
320,320,BTC_USDT,2021-09-16,47043.19,48480.0,48126.16,47764.0,17091962.0,47277.2
321,321,BTC_USDT,2021-09-17,46780.84,48139.99,47755.28,47277.2,19203080.0,48291.07
322,322,BTC_USDT,2021-09-18,47055.29,48810.4,47293.0,48291.07,20360310.0,47234.55
323,323,BTC_USDT,2021-09-19,46850.0,48358.34,48305.59,47234.55,21269882.0,43000.2
324,324,BTC_USDT,2021-09-20,42510.0,47316.0,47241.63,43000.2,90638128.0,40679.77
325,325,BTC_USDT,2021-09-21,39586.31,43622.6,43019.6,40679.77,75886136.0,43572.25
326,326,BTC_USDT,2021-09-22,40583.5,44005.94,40679.77,43572.25,40740292.0,44878.38
327,327,BTC_USDT,2021-09-23,43100.0,44973.75,43541.2,44878.38,19130680.0,42826.38
328,328,BTC_USDT,2021-09-24,40702.62,45141.41,44883.19,42826.38,52308932.0,42666.0
329,329,BTC_USDT,2021-09-25,41675.02,42950.71,42820.74,42666.0,17560560.0,43144.15
330,330,BTC_USDT,2021-09-26,40755.0,43900.47,42666.22,43144.15,22401040.0,42181.95
331,331,BTC_USDT,2021-09-27,42118.51,44336.28,43142.0,42181.95,20331054.0,41043.84
332,332,BTC_USDT,2021-09-28,40859.97,42749.44,42168.41,41043.84,22056734.0,41546.16
333,333,BTC_USDT,2021-09-29,40760.0,42570.79,40984.9,41546.16,13640961.0,43815.4
334,334,BTC_USDT,2021-09-30,41432.45,44109.67,41516.8,43815.4,21156696.0,48148.54
335,335,BTC_USDT,2021-10-01,43299.54,48448.6,43816.39,48148.54,38784568.0,47668.2
336,336,BTC_USDT,2021-10-02,47437.16,48316.36,48157.97,47668.2,16805270.0,48194.65
337,337,BTC_USDT,2021-10-03,47125.0,49179.72,47654.0,48194.65,16026692.0,49215.4
338,338,BTC_USDT,2021-10-04,46906.0,49465.75,48194.65,49215.4,22296970.0,51470.71
339,339,BTC_USDT,2021-10-05,49041.83,51880.0,49248.18,51470.71,21121772.0,55324.69
340,340,BTC_USDT,2021-10-06,50415.0,55733.72,51459.88,55324.69,43065420.0,53780.0
341,341,BTC_USDT,2021-10-07,53396.0,55331.21,55321.93,53780.0,36394252.0,53964.44
342,342,BTC_USDT,2021-10-08,53634.74,56052.18,53789.3,53964.44,32868850.0,54941.67
343,343,BTC_USDT,2021-10-09,53680.33,55451.42,53951.99,54941.67,14243823.0,54695.91
344,344,BTC_USDT,2021-10-10,54137.24,56472.0,54953.71,54695.91,22514928.0,57479.18
345,345,BTC_USDT,2021-10-11,54425.73,57811.49,54618.62,57479.18,32153636.0,55988.89
346,346,BTC_USDT,2021-10-12,53984.12,57634.65,57467.49,55988.89,32960638.0,57380.25
347,347,BTC_USDT,2021-10-13,54275.51,57745.65,56039.16,57380.25,27746348.0,57343.32
348,348,BTC_USDT,2021-10-14,56829.0,58510.0,57362.94,57343.32,22134568.0,61676.79
349,349,BTC_USDT,2021-10-15,56870.12,62888.0,57343.32,61676.79,56160804.0,60871.04
350,350,BTC_USDT,2021-10-16,60000.0,62377.58,61692.85,60871.04,18207956.0,61519.97
351,351,BTC_USDT,2021-10-17,59000.0,61683.5,60877.13,61519.97,24752934.0,62024.61
352,352,BTC_USDT,2021-10-18,59929.11,62640.61,61553.5,62024.61,29570552.0,64256.73
353,353,BTC_USDT,2021-10-19,61405.16,64444.44,62013.77,64256.73,38675000.0,66013.0
354,354,BTC_USDT,2021-10-20,63537.39,67190.0,64280.55,66013.0,41542144.0,62198.17
355,355,BTC_USDT,2021-10-21,62039.33,66635.35,66001.66,62198.17,67630664.0,60688.18
356,356,BTC_USDT,2021-10-22,60035.46,63720.51,62183.58,60688.18,38690824.0,61307.12
357,357,BTC_USDT,2021-10-23,59700.0,61744.99,60688.18,61307.12,22263350.0,60842.81
358,358,BTC_USDT,2021-10-24,59526.9,61468.91,61295.71,60842.81,27296902.0,63071.0
359,359,BTC_USDT,2021-10-25,60655.99,63709.77,60855.0,63071.0,31605354.0,60311.26
360,360,BTC_USDT,2021-10-26,59868.12,63275.45,63074.0,60311.26,29805614.0,58412.02
361,361,BTC_USDT,2021-10-27,58101.5,61476.42,60318.03,58412.02,46747276.0,60589.78
362,362,BTC_USDT,2021-10-28,58098.0,62350.23,58409.1,60589.78,51903804.0,62239.0
363,363,BTC_USDT,2021-10-29,60215.84,62948.54,60570.04,62239.0,36582908.0,61825.89
364,364,BTC_USDT,2021-10-30,60750.0,62345.35,62243.04,61825.89,20943244.0,61294.48
365,365,BTC_USDT,2021-10-31,60000.0,62395.27,61844.48,61294.48,25895900.0,60949.52
366,366,BTC_USDT,2021-11-01,59500.0,62419.48,61314.77,60949.52,29502792.0,63208.06
367,367,BTC_USDT,2021-11-02,60650.2,64241.94,60892.53,63208.06,29327188.0,62888.78
368,368,BTC_USDT,2021-11-03,60560.82,63514.82,63218.08,62888.78,25384498.0,61396.62
369,369,BTC_USDT,2021-11-04,60700.0,63063.84,62891.16,61396.62,21350436.0,60950.0
370,370,BTC_USDT,2021-11-05,60737.0,62571.42,61396.62,60950.0,19746524.0,61449.0
371,371,BTC_USDT,2021-11-06,60078.35,61527.09,60957.97,61449.0,18588250.0,63267.28
372,372,BTC_USDT,2021-11-07,61325.91,63280.0,61466.31,63267.28,19158204.0,67523.94
373,373,BTC_USDT,2021-11-08,62663.84,67752.26,63275.06,67523.94,37266636.0,66930.46
374,374,BTC_USDT,2021-11-09,66264.54,68500.0,67480.45,66930.46,32679018.0,64969.46
375,375,BTC_USDT,2021-11-10,62900.0,69000.0,66957.99,64969.46,57471072.0,64828.74
376,376,BTC_USDT,2021-11-11,64084.12,65561.28,64886.73,64828.74,12412479.0,64117.68
377,377,BTC_USDT,2021-11-12,62311.91,65433.99,64809.0,64117.68,19092400.0,64385.17
378,378,BTC_USDT,2021-11-13,63353.88,64947.87,64106.67,64385.17,13373617.0,65493.27
379,379,BTC_USDT,2021-11-14,63598.0,65493.27,64448.85,65493.27,9807552.0,63619.62
380,380,BTC_USDT,2021-11-15,63416.24,66300.0,65496.54,63619.62,15710205.0,60107.0
381,381,BTC_USDT,2021-11-16,58500.0,63560.0,63560.0,60107.0,48142864.0,60354.0
382,382,BTC_USDT,2021-11-17,58413.67,60804.4,60059.65,60354.0,19146382.0,56895.24
383,383,BTC_USDT,2021-11-18,56441.68,60940.0,60343.31,56895.24,31433278.0,58060.32
384,384,BTC_USDT,2021-11-19,55601.0,58311.85,56925.27,58060.32,21834860.0,59694.21
385,385,BTC_USDT,2021-11-20,57387.17,59840.86,58056.65,59694.21,15438280.0,58628.69
386,386,BTC_USDT,2021-11-21,58316.87,60010.0,59715.53,58628.69,16136097.0,56255.69
387,387,BTC_USDT,2021-11-22,55618.2,59389.31,58619.47,56255.69,23395888.0,57535.7
388,388,BTC_USDT,2021-11-23,55386.71,57834.28,56250.06,57535.7,23662614.0,57171.31
389,389,BTC_USDT,2021-11-24,55856.72,57718.07,57535.7,57171.31,13165133.0,58944.98
390,390,BTC_USDT,2021-11-25,57023.37,59378.97,57131.84,58944.98,27963306.0,53734.55
391,391,BTC_USDT,2021-11-26,53510.0,59150.64,58936.41,53734.55,33269266.0,54737.63
392,392,BTC_USDT,2021-11-27,53608.26,55270.9,53734.55,54737.63,10276854.0,57278.13
393,393,BTC_USDT,2021-11-28,53305.0,57420.26,54695.68,57278.13,12690178.0,57778.55
394,394,BTC_USDT,2021-11-29,56706.94,58867.48,57289.18,57778.55,17379834.0,56869.03
395,395,BTC_USDT,2021-11-30,55900.0,59154.0,57772.25,56869.03,20399024.0,57194.86
396,396,BTC_USDT,2021-12-01,56484.02,59020.4,56979.06,57194.86,20683562.0,56493.55
397,397,BTC_USDT,2021-12-02,55800.0,57363.0,57189.14,56493.55,13647850.0,53709.26
398,398,BTC_USDT,2021-12-03,51700.0,57575.33,56482.25,53709.26,30615268.0,49168.43
399,399,BTC_USDT,2021-12-04,42000.0,53845.48,53659.68,49168.43,58502420.0,49383.59
400,400,BTC_USDT,2021-12-05,47755.02,49681.07,49196.94,49383.59,21537194.0,50460.51
401,401,BTC_USDT,2021-12-06,47050.0,50878.39,49398.92,50460.51,29363600.0,50594.2
402,402,BTC_USDT,2021-12-07,50040.0,51933.32,50464.74,50594.2,15075125.0,50467.71
403,403,BTC_USDT,2021-12-08,48649.99,51750.0,50607.07,50467.71,21435194.0,47584.79
404,404,BTC_USDT,2021-12-09,47334.52,50778.25,50477.15,47584.79,23802876.0,47162.95
405,405,BTC_USDT,2021-12-10,46899.9,50113.89,47537.2,47162.95,30927034.0,49363.6
406,406,BTC_USDT,2021-12-11,46770.0,49470.33,47162.95,49363.6,18510704.0,50073.3
407,407,BTC_USDT,2021-12-12,48650.64,50764.82,49369.68,50073.3,17249960.0,46730.53
408,408,BTC_USDT,2021-12-13,45750.0,50194.29,50065.79,46730.53,27216200.0,48374.87
409,409,BTC_USDT,2021-12-14,46307.49,48630.51,46714.54,48374.87,20180670.0,48871.21
410,410,BTC_USDT,2021-12-15,46552.79,49474.0,48366.94,48871.21,26051094.0,47653.44
411,411,BTC_USDT,2021-12-16,47536.98,49418.98,48861.43,47653.44,15953487.0,46155.21
412,412,BTC_USDT,2021-12-17,45475.2,47989.99,47611.01,46155.21,23609116.0,46831.42
413,413,BTC_USDT,2021-12-18,45513.0,47324.91,46148.09,46831.42,24495164.0,46691.45
414,414,BTC_USDT,2021-12-19,46431.99,48279.64,46829.07,46691.45,27130834.0,46899.0
415,415,BTC_USDT,2021-12-20,45574.69,47523.17,46695.3,46899.0,19647194.0,48891.85
416,416,BTC_USDT,2021-12-21,46655.98,49320.21,46925.71,48891.85,19384690.0,48595.3
417,417,BTC_USDT,2021-12-22,48439.16,49639.73,48890.0,48595.3,14598466.0,50800.0
418,418,BTC_USDT,2021-12-23,48034.52,51368.0,48591.69,50800.0,13452502.0,50785.15
419,419,BTC_USDT,2021-12-24,50418.02,51803.2,50821.93,50785.15,15947544.0,50398.88
420,420,BTC_USDT,2021-12-25,50165.9,51183.3,50808.01,50398.88,8272354.0,50779.91
421,421,BTC_USDT,2021-12-26,49428.51,51265.3,50411.86,50779.91,9993197.0,50668.9
422,422,BTC_USDT,2021-12-27,50453.58,52080.93,50778.79,50668.9,13152338.0,47544.75
423,423,BTC_USDT,2021-12-28,47308.43,50697.57,50695.03,47544.75,21128112.0,46467.99
424,424,BTC_USDT,2021-12-29,46103.9,48127.44,47557.33,46467.99,10560491.0,47123.57
425,425,BTC_USDT,2021-12-30,45931.1,47891.15,46446.19,47123.57,15554828.0,46203.93
426,426,BTC_USDT,2021-12-31,45680.0,48550.0,47116.34,46203.93,26757384.0,47725.86
427,427,BTC_USDT,2022-01-01,46202.84,47927.69,46202.84,47725.86,14699209.0,47317.51
428,428,BTC_USDT,2022-01-02,46650.0,47981.04,47717.61,47317.51,15343438.0,46445.38
429,429,BTC_USDT,2022-01-03,45702.93,47566.39,47295.06,46445.38,13997505.0,45843.7
430,430,BTC_USDT,2022-01-04,45538.05,47520.33,46452.06,45843.7,21177832.0,43424.71
431,431,BTC_USDT,2022-01-05,42500.0,47047.0,45827.66,43424.71,24139036.0,43111.86
432,432,BTC_USDT,2022-01-06,42361.73,43773.01,43441.14,43111.86,17124084.0,41517.65
433,433,BTC_USDT,2022-01-07,40675.05,43139.99,43084.63,41517.65,28587432.0,41685.08
434,434,BTC_USDT,2022-01-08,40543.29,42300.5,41569.59,41685.08,12743560.0,41847.52
435,435,BTC_USDT,2022-01-09,41233.2,42799.29,41680.64,41847.52,7042621.0,41829.16
436,436,BTC_USDT,2022-01-10,39640.84,42235.66,41849.6,41829.16,29869656.0,42713.34
437,437,BTC_USDT,2022-01-11,41274.49,43111.3,41856.09,42713.34,13398030.0,43909.98
438,438,BTC_USDT,2022-01-12,42471.5,44300.0,42702.71,43909.98,12966068.0,42535.7
439,439,BTC_USDT,2022-01-13,42320.05,44453.77,43881.23,42535.7,10018934.0,43063.99
440,440,BTC_USDT,2022-01-14,41749.89,43451.84,42560.3,43063.99,13181718.0,43075.38
441,441,BTC_USDT,2022-01-15,42563.19,43795.31,43063.99,43075.38,4834512.5,43078.82
442,442,BTC_USDT,2022-01-16,42635.0,43461.0,43085.51,43078.82,5509851.0,42236.06
443,443,BTC_USDT,2022-01-17,41555.0,43174.54,43070.84,42236.06,10060633.0,42366.85
444,444,BTC_USDT,2022-01-18,41290.32,42672.73,42202.66,42366.85,13663068.0,41664.9
445,445,BTC_USDT,2022-01-19,41135.05,42559.35,42362.84,41664.9,15899930.0,40700.0
446,446,BTC_USDT,2022-01-20,40574.92,43498.0,41662.79,40700.0,20800090.0,36460.54
447,447,BTC_USDT,2022-01-21,35470.18,41100.0,40662.19,36460.54,64326000.0,35057.14
448,448,BTC_USDT,2022-01-22,34012.1,36816.95,36448.53,35057.14,44907096.0,36262.64
449,449,BTC_USDT,2022-01-23,34621.1,36505.21,35067.66,36262.64,15440751.0,36686.09
450,450,BTC_USDT,2022-01-24,32924.5,37500.74,36249.95,36686.09,43242032.0,36926.94
451,451,BTC_USDT,2022-01-25,35700.0,37525.06,36668.85,36926.94,14015524.0,36782.46
452,452,BTC_USDT,2022-01-26,36248.7,38896.64,36975.15,36782.46,25944948.0,37164.64
453,453,BTC_USDT,2022-01-27,35530.0,37222.36,36802.7,37164.64,15361885.0,37729.31
454,454,BTC_USDT,2022-01-28,36162.58,38007.76,37161.24,37729.31,15573680.0,38114.81
455,455,BTC_USDT,2022-01-29,37300.94,38888.0,37700.0,38114.81,6861614.5,37913.17
456,456,BTC_USDT,2022-01-30,37358.4,38371.44,38154.98,37913.17,6343929.5,38467.44
457,457,BTC_USDT,2022-01-31,36644.21,38782.15,37890.43,38467.44,10353835.0,38700.86
458,458,BTC_USDT,2022-02-01,38011.74,39300.54,38463.59,38700.86,13364048.0,36885.03
459,459,BTC_USDT,2022-02-02,36611.0,38845.71,38700.87,36885.03,11434677.0,37314.47
460,460,BTC_USDT,2022-02-03,36262.05,37350.0,36897.05,37314.47,10771956.0,41554.95
461,461,BTC_USDT,2022-02-04,37030.5,41738.85,37295.22,41554.95,22375742.0,41391.1
462,462,BTC_USDT,2022-02-05,40943.5,41964.58,41559.1,41391.1,12167146.0,42373.22
463,463,BTC_USDT,2022-02-06,41076.0,42645.0,41385.01,42373.22,9147964.0,43837.46
464,464,BTC_USDT,2022-02-07,41655.61,44500.0,42378.45,43837.46,20038522.0,44025.88
465,465,BTC_USDT,2022-02-08,42677.71,45517.0,43826.76,44025.88,20308596.0,44378.75
466,466,BTC_USDT,2022-02-09,43125.05,44795.91,44030.28,44378.75,9358566.0,43487.65
467,467,BTC_USDT,2022-02-10,43200.0,45800.0,44372.09,43487.65,20366212.0,42373.88
468,468,BTC_USDT,2022-02-11,41955.0,43900.77,43502.66,42373.88,13264306.0,42190.69
469,469,BTC_USDT,2022-02-12,41709.0,42999.11,42348.64,42190.69,6782385.0,42052.86
470,470,BTC_USDT,2022-02-13,41843.49,42738.33,42216.1,42052.86,4478280.0,42520.65
471,471,BTC_USDT,2022-02-14,41548.55,42805.85,42052.86,42520.65,7664243.5,44543.99
472,472,BTC_USDT,2022-02-15,42443.25,44761.38,42529.15,44543.99,9273334.0,43876.31
473,473,BTC_USDT,2022-02-16,43319.35,44555.95,44555.95,43876.31,7213765.0,40493.58
474,474,BTC_USDT,2022-02-17,40078.56,44153.81,43869.73,40493.58,13902403.0,39988.89
475,475,BTC_USDT,2022-02-18,39455.0,40955.09,40466.74,39988.89,9919770.0,40072.58
476,476,BTC_USDT,2022-02-19,39633.44,40431.02,39978.2,40072.58,4927403.0,38352.1
477,477,BTC_USDT,2022-02-20,38000.0,40117.24,40074.59,38352.1,8750964.0,37005.62
478,478,BTC_USDT,2022-02-21,36801.84,39493.6,38381.84,37005.62,21657912.0,38241.76
479,479,BTC_USDT,2022-02-22,36355.45,38420.0,37016.49,38241.76,15276936.0,37255.02
480,480,BTC_USDT,2022-02-23,37060.83,39216.14,38234.11,37255.02,12594434.0,38350.0
481,481,BTC_USDT,2022-02-24,34336.0,39774.14,37253.16,38350.0,44460952.0,39209.63
482,482,BTC_USDT,2022-02-25,38000.46,39670.49,38358.7,39209.63,11873299.0,39109.31
483,483,BTC_USDT,2022-02-26,38578.4,40283.21,39215.52,39109.31,7363999.5,37680.84
484,484,BTC_USDT,2022-02-27,37006.95,39858.91,39115.18,37680.84,11624879.0,43181.96
485,485,BTC_USDT,2022-02-28,37452.42,44183.03,37700.01,43181.96,19790492.0,44401.95
486,486,BTC_USDT,2022-03-01,42851.34,44949.97,43181.96,44401.95,19137134.0,43893.69
487,487,BTC_USDT,2022-03-02,43308.16,45297.73,44401.95,43893.69,15643174.0,42460.57
488,488,BTC_USDT,2022-03-03,41840.67,44078.99,43906.86,42460.57,14875980.0,39139.64
489,489,BTC_USDT,2022-03-04,38567.4,42525.16,42422.2,39139.64,18136422.0,39381.61
490,490,BTC_USDT,2022-03-05,38601.0,39591.0,39142.95,39381.61,6270150.5,38396.82
491,491,BTC_USDT,2022-03-06,38109.99,39679.05,39381.61,38396.82,12296837.0,38003.85
492,492,BTC_USDT,2022-03-07,37110.0,39531.92,38400.74,38003.85,16267766.0,38738.3
493,493,BTC_USDT,2022-03-08,37870.51,39355.63,37988.8,38738.3,16038809.0,41939.04
494,494,BTC_USDT,2022-03-09,38657.72,42549.07,38720.2,41939.04,24761346.0,39422.76
495,495,BTC_USDT,2022-03-10,38572.0,42018.88,41970.72,39422.76,33838308.0,38728.12
496,496,BTC_USDT,2022-03-11,38230.01,40230.08,39389.26,38728.12,13684740.0,38804.6
497,497,BTC_USDT,2022-03-12,38666.51,39410.0,38728.12,38804.6,6417448.0,37770.27
498,498,BTC_USDT,2022-03-13,37584.21,39304.28,38804.6,37770.27,7339742.5,39657.09
499,499,BTC_USDT,2022-03-14,37574.7,39905.84,37761.64,39657.09,15475759.0,39280.33
500,500,BTC_USDT,2022-03-15,38138.44,39878.96,39659.91,39280.33,15981032.0,41112.22
501,501,BTC_USDT,2022-03-16,38867.8,41682.0,39281.81,41112.22,33965868.0,40918.02
502,502,BTC_USDT,2022-03-17,40500.0,41443.31,41112.22,40918.02,8834012.0,41754.81
503,503,BTC_USDT,2022-03-18,40150.08,42308.47,40907.99,41754.81,9986990.0,42205.57
504,504,BTC_USDT,2022-03-19,41512.4,42375.08,41755.21,42205.57,7471468.0,41250.3
505,505,BTC_USDT,2022-03-20,40919.25,42275.25,42196.26,41250.3,8375151.0,41000.44
506,506,BTC_USDT,2022-03-21,40500.0,41531.5,41260.15,41000.44,9073900.0,42357.18
507,507,BTC_USDT,2022-03-22,40880.46,43300.0,40992.25,42357.18,16226491.0,42889.16
508,508,BTC_USDT,2022-03-23,41714.17,43005.95,42357.41,42889.16,8405755.0,43985.86
509,509,BTC_USDT,2022-03-24,42620.0,44213.0,42898.78,43985.86,15898169.0,44311.63
510,510,BTC_USDT,2022-03-25,43591.17,45091.0,43993.94,44311.63,11471574.0,44515.0
511,511,BTC_USDT,2022-03-26,44080.16,44780.99,44311.63,44515.0,3867576.8,46845.65
512,512,BTC_USDT,2022-03-27,44432.06,46913.0,44506.72,46845.65,9483935.0,47089.36
513,513,BTC_USDT,2022-03-28,46674.35,48175.99,46817.56,47089.36,11291342.0,47423.17
514,514,BTC_USDT,2022-03-29,46958.71,48085.0,47075.27,47423.17,9469606.0,47039.69
515,515,BTC_USDT,2022-03-30,46550.06,47688.82,47420.0,47039.69,8142921.5,45516.6
516,516,BTC_USDT,2022-03-31,45218.0,47590.82,47009.11,45516.6,13337806.0,46285.8
517,517,BTC_USDT,2022-04-01,44231.81,46710.6,45496.01,46285.8,11240772.0,45826.79
518,518,BTC_USDT,2022-04-02,45623.64,47183.22,46280.31,45826.79,15266497.0,46399.99
519,519,BTC_USDT,2022-04-03,45536.79,47428.31,45813.05,46399.99,13307313.0,46600.44
520,520,BTC_USDT,2022-04-04,45133.01,46887.05,46406.5,46600.44,15925635.0,45482.07
521,521,BTC_USDT,2022-04-05,45384.29,47172.61,46586.32,45482.07,6006531.0,43154.3
522,522,BTC_USDT,2022-04-06,43110.0,45503.37,45498.63,43154.3,13934128.0,43457.92
523,523,BTC_USDT,2022-04-07,42750.0,43888.64,43150.0,43457.92,5467715.5,42273.84
524,524,BTC_USDT,2022-04-08,42121.96,43954.11,43436.2,42273.84,7966913.5,42744.79
525,525,BTC_USDT,2022-04-09,42127.2,42793.87,42271.73,42744.79,2566692.0,42130.75
526,526,BTC_USDT,2022-04-10,41902.55,43406.06,42746.83,42130.75,5014001.5,39523.45
527,527,BTC_USDT,2022-04-11,39208.49,42395.84,42091.84,39523.45,16204687.0,40065.73
528,528,BTC_USDT,2022-04-12,39265.0,40675.9,39529.42,40065.73,11859511.0,41135.51
529,529,BTC_USDT,2022-04-13,39593.28,41543.94,40072.01,41135.51,12947180.0,39909.55
530,530,BTC_USDT,2022-04-14,39567.05,41477.68,41150.48,39909.55,5359048.5,40554.85
531,531,BTC_USDT,2022-04-15,39777.68,40834.27,39916.78,40554.85,7625251.5,40364.43
532,532,BTC_USDT,2022-04-16,40010.18,40682.32,40549.0,40364.43,2843887.5,39694.19
533,533,BTC_USDT,2022-04-17,39556.16,40578.01,40374.32,39694.19,3037752.8,40799.79
534,534,BTC_USDT,2022-04-18,38550.0,41063.07,39676.21,40799.79,12337998.0,41489.56
535,535,BTC_USDT,2022-04-19,40581.68,41730.0,40794.99,41489.56,8474323.0,41355.72
536,536,BTC_USDT,2022-04-20,40891.43,42181.87,41487.48,41355.72,5326397.0,40480.21
537,537,BTC_USDT,2022-04-21,39800.0,42965.31,41349.3,40480.21,12519208.0,39718.46
538,538,BTC_USDT,2022-04-22,39188.0,40789.99,40480.57,39718.46,8629933.0,39436.93
539,539,BTC_USDT,2022-04-23,39297.36,39970.7,39716.47,39436.93,3457553.2,39464.2
540,540,BTC_USDT,2022-04-24,38990.32,39921.76,39438.93,39464.2,4542817.5,40428.07
541,541,BTC_USDT,2022-04-25,38200.0,40573.71,39443.84,40428.07,21484752.0,38124.09
542,542,BTC_USDT,2022-04-26,37713.0,40773.9,40428.07,38124.09,16512487.0,39237.3
543,543,BTC_USDT,2022-04-27,37880.0,39478.02,38118.37,39237.3,13793025.0,39743.68
544,544,BTC_USDT,2022-04-28,37501.0,40364.51,39235.25,39743.68,27990594.0,38595.06
545,545,BTC_USDT,2022-04-29,38183.67,39927.2,39743.15,38595.06,9220447.0,37628.64
546,546,BTC_USDT,2022-04-30,37575.5,38775.0,38610.55,37628.64,4633054.5,38480.05
547,547,BTC_USDT,2022-05-01,37410.0,38673.1,37626.76,38480.05,7199824.5,38518.01
548,548,BTC_USDT,2022-05-02,38065.89,39152.73,38480.05,38518.01,11488264.0,37725.91
549,549,BTC_USDT,2022-05-03,37502.8,38648.52,38521.86,37725.91,9171429.0,39682.71
550,550,BTC_USDT,2022-05-04,37670.18,40000.0,37732.59,39682.71,32050432.0,36549.24
551,551,BTC_USDT,2022-05-05,35592.37,39823.41,39693.97,36549.24,55968212.0,36011.49
552,552,BTC_USDT,2022-05-06,35289.8,36654.44,36547.65,36011.49,47822756.0,35469.78
553,553,BTC_USDT,2022-05-07,34785.94,36131.95,36011.49,35469.78,7848388.5,34051.92
554,554,BTC_USDT,2022-05-08,33720.0,35507.6,35469.78,34051.92,15478189.0,30085.67
555,555,BTC_USDT,2022-05-09,30042.3,34232.1,34048.53,30085.67,60173452.0,31019.11
556,556,BTC_USDT,2022-05-10,29758.87,32621.66,30085.67,31019.11,49487468.0,29105.02
557,557,BTC_USDT,2022-05-11,27768.81,32146.03,31015.52,29105.02,50104328.0,28972.88
558,558,BTC_USDT,2022-05-12,26753.16,30190.99,29125.64,28972.88,40733264.0,29338.22
559,559,BTC_USDT,2022-05-13,28773.51,31048.32,29003.96,29338.22,13337451.0,30088.15
560,560,BTC_USDT,2022-05-14,28676.0,30323.04,29288.57,30088.15,5294335.0,31316.1
561,561,BTC_USDT,2022-05-15,29509.29,31440.47,30082.03,31316.1,5253146.5,29864.26
562,562,BTC_USDT,2022-05-16,29138.68,31317.66,31317.66,29864.26,8043015.0,30446.79
563,563,BTC_USDT,2022-05-17,29465.33,30771.78,29865.75,30446.79,6726397.0,28720.38
564,564,BTC_USDT,2022-05-18,28660.0,30690.03,30446.79,28720.38,7109423.5,30292.59
565,565,BTC_USDT,2022-05-19,28687.87,30525.0,28705.17,30292.59,10041837.0,29207.22
566,566,BTC_USDT,2022-05-20,28724.89,30639.41,30317.41,29207.22,8611412.0,29452.0
567,567,BTC_USDT,2022-05-21,28968.11,29646.21,29202.84,29452.0,3911683.2,30297.87
568,568,BTC_USDT,2022-05-22,29267.1,30470.0,29452.0,30297.87,5528573.0,29105.63
569,569,BTC_USDT,2022-05-23,28888.0,30652.54,30287.27,29105.63,8446654.0,29652.03
570,570,BTC_USDT,2022-05-24,28695.15,30000.0,29102.08,29652.03,6487243.0,29551.92
571,571,BTC_USDT,2022-05-25,29351.37,30214.61,29649.06,29551.92,9465490.0,29201.98
572,572,BTC_USDT,2022-05-26,28066.0,29876.35,29545.6,29201.98,13476426.0,28648.96
573,573,BTC_USDT,2022-05-27,28285.81,29386.26,29215.2,28648.96,5715254.0,29029.21
574,574,BTC_USDT,2022-05-28,28529.84,29247.95,28641.51,29029.21,2320682.5,29466.76
575,575,BTC_USDT,2022-05-29,28843.05,29560.09,29038.46,29466.76,1438585.9,31718.8
576,576,BTC_USDT,2022-05-30,29309.58,32217.38,29466.59,31718.8,8342029.5,31804.66
577,577,BTC_USDT,2022-05-31,31234.87,32402.98,31736.25,31804.66,5384854.5,29789.07
578,578,BTC_USDT,2022-06-01,29356.48,31969.33,31811.89,29789.07,7341129.0,30450.95
579,579,BTC_USDT,2022-06-02,29600.0,30674.6,29789.68,30450.95,3128476.0,29699.52
580,580,BTC_USDT,2022-06-03,29295.55,30675.9,30450.95,29699.52,4666989.0,29866.59
581,581,BTC_USDT,2022-06-04,29483.94,29958.44,29699.52,29866.59,2608056.8,29912.5
582,582,BTC_USDT,2022-06-05,29546.74,30163.0,29839.12,29912.5,2097199.0,31370.83
583,583,BTC_USDT,2022-06-06,29899.0,31748.46,29916.95,31370.83,5485438.0,31128.8
584,584,BTC_USDT,2022-06-07,29234.11,31564.12,31374.99,31128.8,10107387.0,30213.19
585,585,BTC_USDT,2022-06-08,29860.04,31309.88,31125.68,30213.19,4985502.5,30103.37
586,586,BTC_USDT,2022-06-09,29958.41,30691.58,30205.48,30103.37,3785507.2,29091.04
587,587,BTC_USDT,2022-06-10,28863.37,30363.96,30093.1,29091.04,7291809.0,28408.99
588,588,BTC_USDT,2022-06-11,28120.5,29428.81,29091.04,28408.99,5092090.0,26600.0
589,589,BTC_USDT,2022-06-12,26578.6,28528.14,28423.19,26600.0,7240280.5,22486.87
590,590,BTC_USDT,2022-06-13,21965.1,26872.75,26594.42,22486.87,27487738.0,22150.54
591,591,BTC_USDT,2022-06-14,20861.28,23304.62,22475.48,22150.54,19532030.0,22578.23
592,592,BTC_USDT,2022-06-15,20119.0,22787.15,22134.12,22578.23,21839002.0,20395.16
593,593,BTC_USDT,2022-06-16,20237.21,22975.22,22570.53,20395.16,8150614.0,20456.19
594,594,BTC_USDT,2022-06-17,20256.11,21347.0,20401.64,20456.19,4546432.0,18980.13
595,595,BTC_USDT,2022-06-18,17567.0,20759.39,20454.92,18980.13,19786684.0,20583.65
596,596,BTC_USDT,2022-06-19,17978.28,20808.3,18972.54,20583.65,8425834.0,20575.78
597,597,BTC_USDT,2022-06-20,19648.63,21048.43,20577.87,20575.78,5274266.5,20724.54
598,598,BTC_USDT,2022-06-21,20368.4,21719.92,20570.86,20724.54,4764850.5,19978.0
599,599,BTC_USDT,2022-06-22,19790.1,20886.14,20717.05,19978.0,4477218.5,21100.17
600,600,BTC_USDT,2022-06-23,19897.41,21216.29,19977.01,21100.17,5610015.0,21239.04
601,601,BTC_USDT,2022-06-24,20749.25,21540.38,21105.3,21239.04,4510140.0,21485.16
602,602,BTC_USDT,2022-06-25,20919.67,21599.0,21243.26,21485.16,2069073.8,21048.43
603,603,BTC_USDT,2022-06-26,20985.82,21873.0,21484.25,21048.43,2185210.0,20730.3
604,604,BTC_USDT,2022-06-27,20526.99,21532.95,21039.38,20730.3,3702950.0,20270.57
605,605,BTC_USDT,2022-06-28,20210.67,21200.07,20730.3,20270.57,3217287.8,20111.77
606,606,BTC_USDT,2022-06-29,19855.5,20419.58,20280.19,20111.77,3314735.5,19932.26
607,607,BTC_USDT,2022-06-30,18616.3,20161.51,20116.48,19932.26,6429913.5,19271.66
608,608,BTC_USDT,2022-07-01,18991.89,20864.21,19939.94,19271.66,5279649.0,19248.21
609,609,BTC_USDT,2022-07-02,18987.12,19437.41,19275.8,19248.21,1524506.5,19312.51
610,610,BTC_USDT,2022-07-03,18790.63,19629.56,19248.63,19312.51,2332019.8,20228.76
611,611,BTC_USDT,2022-07-04,19060.26,20322.0,19315.0,20228.76,3790277.0,20204.76
612,612,BTC_USDT,2022-07-05,19311.27,20738.04,20236.53,20204.76,7026927.5,20558.37
613,613,BTC_USDT,2022-07-06,19778.23,20664.23,20178.5,20558.37,5313994.5,21622.85
614,614,BTC_USDT,2022-07-07,20281.35,21830.23,20558.37,21622.85,5881741.0,21614.56
615,615,BTC_USDT,2022-07-08,21200.0,22476.96,21629.51,21614.56,8908981.0,21593.72
616,616,BTC_USDT,2022-07-09,21343.59,21954.14,21590.08,21593.72,3197953.2,20853.71
617,617,BTC_USDT,2022-07-10,20664.23,21597.32,21591.93,20853.71,2627865.2,19966.38
618,618,BTC_USDT,2022-07-11,19893.57,20853.78,20853.78,19966.38,5293086.0,19329.29
619,619,BTC_USDT,2022-07-12,19251.19,20050.62,19964.97,19329.29,6193022.0,20239.1
620,620,BTC_USDT,2022-07-13,18942.5,20338.52,19348.57,20239.1,10560912.0,20581.94
621,621,BTC_USDT,2022-07-14,19623.24,20883.66,20235.03,20581.94,4065408.8,20823.77
622,622,BTC_USDT,2022-07-15,20391.15,21189.18,20581.94,20823.77,4295408.5,21203.03
623,623,BTC_USDT,2022-07-16,20483.58,21572.24,20822.86,21203.03,4519323.5,20790.15
624,624,BTC_USDT,2022-07-17,20740.0,21651.13,21192.53,20790.15,3826222.0,22464.36
625,625,BTC_USDT,2022-07-18,20768.94,22756.0,20790.11,22464.36,7141704.5,23399.15
626,626,BTC_USDT,2022-07-19,21596.83,23794.0,22445.3,23399.15,8434621.0,23218.67
627,627,BTC_USDT,2022-07-20,22930.0,24256.9,23408.55,23218.67,4842564.0,23149.67
628,628,BTC_USDT,2022-07-21,22351.89,23418.82,23215.18,23149.67,4184933.5,22682.06
629,629,BTC_USDT,2022-07-22,22515.73,23737.08,23146.81,22682.06,4510801.0,22456.49
630,630,BTC_USDT,2022-07-23,21960.67,22991.36,22678.51,22456.49,5161666.0,22585.67
631,631,BTC_USDT,2022-07-24,22276.39,23011.47,22459.28,22585.67,7447759.5,21298.57
632,632,BTC_USDT,2022-07-25,21275.0,22660.24,22583.96,21298.57,5259472.5,21253.38
633,633,BTC_USDT,2022-07-26,20734.39,21335.81,21298.57,21253.38,4441561.5,22956.38
634,634,BTC_USDT,2022-07-27,21046.58,23086.05,21251.86,22956.38,6741119.5,23850.6
635,635,BTC_USDT,2022-07-28,22609.03,24181.91,22968.88,23850.6,4761193.5,23771.7
636,636,BTC_USDT,2022-07-29,23438.93,24446.37,23842.83,23771.7,5500684.0,23638.52
637,637,BTC_USDT,2022-07-30,23516.0,24647.5,23776.45,23638.52,3851678.2,23302.51
638,638,BTC_USDT,2022-07-31,23223.68,24169.73,23640.0,23302.51,2516970.0,23287.55
639,639,BTC_USDT,2022-08-01,23257.36,23294.0,23292.9,23287.55,1945.06,22936.45
640,640,BTC_USDT,2022-08-02,22300.0,23350.0,23349.98,22936.45,981530.2,22834.67
641,641,BTC_USDT,2022-08-03,22650.0,24500.0,22948.04,22834.67,1700202.5,22624.49
642,642,BTC_USDT,2022-08-04,22441.9,23200.0,22800.0,22624.49,1257507.6,23197.42
643,643,BTC_USDT,2022-08-05,22609.09,23420.0,22624.49,23197.42,8675317.0,22947.6
644,644,BTC_USDT,2022-08-06,22832.27,23252.89,23197.45,22947.6,17731664.0,23091.53
645,645,BTC_USDT,2022-08-07,22837.0,23355.73,22947.6,23091.53,13212640.0,23807.73
646,646,BTC_USDT,2022-08-08,23104.81,24192.1,23111.33,23807.73,16118130.0,23156.02
647,647,BTC_USDT,2022-08-09,22950.53,23855.4,23807.9,23156.02,17772658.0,23935.22
648,648,BTC_USDT,2022-08-10,22700.0,24165.99,23156.03,23935.22,22652220.0,23932.67
649,649,BTC_USDT,2022-08-11,23844.35,24875.99,23963.79,23932.67,15604258.0,24400.83
650,650,BTC_USDT,2022-08-12,23606.21,24426.36,23932.7,24400.83,3685202.5,24402.45
651,651,BTC_USDT,2022-08-13,24286.27,24845.0,24385.04,24402.45,2590134.0,24322.86
652,652,BTC_USDT,2022-08-14,24168.21,25026.0,24424.97,24322.86,3251544.2,24101.84
653,653,BTC_USDT,2022-08-15,23786.8,25190.0,24301.4,24101.84,4614397.5,23865.56
654,654,BTC_USDT,2022-08-16,23693.27,24258.1,24092.9,23865.56,3563113.2,23333.99
655,655,BTC_USDT,2022-08-17,23157.38,24425.74,23864.06,23333.99,10116957.0,23199.22
656,656,BTC_USDT,2022-08-18,23120.0,23587.0,23331.4,23199.22,4234783.5,20841.61
657,657,BTC_USDT,2022-08-19,20800.0,23203.22,23189.25,20841.61,16488153.0,21136.38
658,658,BTC_USDT,2022-08-20,20764.85,21373.69,20849.84,21136.38,10187073.0,21521.57
659,659,BTC_USDT,2022-08-21,21077.55,21766.71,21138.5,21521.57,8991501.0,21400.73
660,660,BTC_USDT,2022-08-22,20906.8,21536.62,21522.65,21400.73,9601260.0,21522.47
661,661,BTC_USDT,2022-08-23,20897.11,21678.02,21398.58,21522.47,9282845.0,21370.39
662,662,BTC_USDT,2022-08-24,21155.0,21885.58,21525.34,21370.39,23904966.0,21562.58
663,663,BTC_USDT,2022-08-25,21318.54,21811.68,21367.62,21562.58,4626221.0,20256.14
664,664,BTC_USDT,2022-08-26,20117.84,21862.66,21553.7,20256.14,12601887.0,20035.03
665,665,BTC_USDT,2022-08-27,19820.87,20366.18,20244.27,20035.03,9557583.0,19562.36
666,666,BTC_USDT,2022-08-28,19537.16,20155.57,20033.57,19562.36,3952484.0,20294.92
667,667,BTC_USDT,2022-08-29,19559.7,20420.08,19563.74,20294.92,7611476.0,19795.36
668,668,BTC_USDT,2022-08-30,19553.85,20576.76,20290.05,19795.36,7350452.5,20055.11
669,669,BTC_USDT,2022-08-31,19810.39,20479.99,19810.39,20055.11,8445134.0,20127.61
670,670,BTC_USDT,2022-09-01,19570.8,20204.12,20047.83,20127.61,7811114.0,19952.43
671,671,BTC_USDT,2022-09-02,19762.71,20434.45,20133.66,19952.43,6347077.5,19828.29
672,672,BTC_USDT,2022-09-03,19660.04,20047.12,19952.42,19828.29,4347502.0,19995.8
673,673,BTC_USDT,2022-09-04,19589.49,20012.03,19828.3,19995.8,3589659.5,19786.69
674,674,BTC_USDT,2022-09-05,19644.41,20054.6,19998.75,19786.69,4632221.0,18784.19
675,675,BTC_USDT,2022-09-06,18666.0,20170.87,19795.95,18784.19,10498504.0,19280.18
676,676,BTC_USDT,2022-09-07,18534.83,19446.12,18787.96,19280.18,7502394.0,19317.93
677,677,BTC_USDT,2022-09-08,19014.13,19446.38,19289.05,19317.93,5779882.5,21363.67
678,678,BTC_USDT,2022-09-09,19293.83,21588.39,19316.96,21363.67,11122940.0,21647.82
679,679,BTC_USDT,2022-09-10,21119.0,21798.92,21362.1,21647.82,8870981.0,21831.09
680,680,BTC_USDT,2022-09-11,21356.01,21849.38,21645.65,21831.09,6452898.0,22398.11
681,681,BTC_USDT,2022-09-12,21550.32,22464.3,21822.39,22398.11,9715487.0,20177.16
682,682,BTC_USDT,2022-09-13,19901.93,22785.26,22397.0,20177.16,15733851.0,20221.54
683,683,BTC_USDT,2022-09-14,19640.84,20528.4,20177.16,20221.54,8643590.0,19702.71
684,684,BTC_USDT,2022-09-15,19501.0,20325.08,20216.09,19702.71,9924766.0,19799.88
685,685,BTC_USDT,2022-09-16,19338.16,19885.03,19702.9,19799.88,7173274.0,20109.03
686,686,BTC_USDT,2022-09-17,19755.46,20181.92,19795.73,20109.03,4904331.5,19413.8
687,687,BTC_USDT,2022-09-18,19341.67,20109.03,20109.03,19413.8,5388570.0,19532.36
688,688,BTC_USDT,2022-09-19,18246.98,19675.65,19407.33,19532.36,9329245.0,18872.41
689,689,BTC_USDT,2022-09-20,18725.5,19631.26,19534.42,18872.41,7516635.5,18454.36
690,690,BTC_USDT,2022-09-21,18152.68,19911.94,18870.56,18454.36,16691227.0,19403.09
691,691,BTC_USDT,2022-09-22,18356.25,19533.66,18447.24,19403.09,8779082.0,19287.78
692,692,BTC_USDT,2022-09-23,18544.38,19491.63,19403.58,19287.78,9499014.0,18924.37
693,693,BTC_USDT,2022-09-24,18816.67,19304.18,19282.2,18924.37,3897527.8,18803.87
694,694,BTC_USDT,2022-09-25,18641.71,19186.5,18919.87,18803.87,3802073.2,19226.31
695,695,BTC_USDT,2022-09-26,18690.01,19312.04,18804.43,19226.31,7204748.0,19080.16
696,696,BTC_USDT,2022-09-27,18827.11,20376.55,19226.32,19080.16,13748525.0,19409.99
697,697,BTC_USDT,2022-09-28,18483.32,19774.99,19081.16,19409.99,10395700.0,19585.77
698,698,BTC_USDT,2022-09-29,18851.12,19644.73,19417.53,19585.77,7647025.5,19421.94
699,699,BTC_USDT,2022-09-30,19142.96,20171.49,19601.53,19421.94,9658846.0,19305.78
700,700,BTC_USDT,2022-10-01,19163.96,19476.05,19413.91,19305.78,2426271.8,19055.32
701,701,BTC_USDT,2022-10-02,18931.83,19391.96,19305.79,19055.32,2514270.2,19625.11
702,702,BTC_USDT,2022-10-03,18964.9,19712.2,19056.46,19625.11,4803610.0,20333.74
703,703,BTC_USDT,2022-10-04,19494.45,20455.22,19625.12,20333.74,6591408.0,20155.41
704,704,BTC_USDT,2022-10-05,19730.8,20355.76,20334.84,20155.41,15399998.0,19960.0
705,705,BTC_USDT,2022-10-06,19858.03,20444.04,20147.63,19960.0,9681761.0,19524.05
706,706,BTC_USDT,2022-10-07,19322.83,20054.27,19961.98,19524.05,7503419.5,19409.26
707,707,BTC_USDT,2022-10-08,19252.75,19616.73,19524.05,19409.26,2239708.0,19443.0
708,708,BTC_USDT,2022-10-09,19320.15,19546.43,19404.0,19443.0,3927888.8,19131.85
709,709,BTC_USDT,2022-10-10,19034.41,19521.94,19436.35,19131.85,5474582.5,19060.57
710,710,BTC_USDT,2022-10-11,18862.35,19264.15,19117.84,19060.57,7194051.0,19155.55
711,711,BTC_USDT,2022-10-12,18985.63,19236.94,19060.57,19155.55,5424866.0,19374.19
712,712,BTC_USDT,2022-10-13,18181.14,19499.57,19152.21,19374.19,13693765.0,19180.82
713,713,BTC_USDT,2022-10-14,19079.92,19947.84,19369.07,19180.82,8614828.0,19070.17
714,714,BTC_USDT,2022-10-15,18989.3,19220.46,19175.01,19070.17,2069535.5,19258.67
715,715,BTC_USDT,2022-10-16,19070.18,19416.33,19070.18,19258.67,2305048.2,19548.95
716,716,BTC_USDT,2022-10-17,19158.37,19671.37,19258.3,19548.95,5245393.0,19328.19
717,717,BTC_USDT,2022-10-18,19101.0,19697.63,19547.67,19328.19,8877150.0,19125.17
718,718,BTC_USDT,2022-10-19,19080.01,19350.88,19325.01,19125.17,7041636.5,19050.84
719,719,BTC_USDT,2022-10-20,18913.05,19341.92,19124.18,19050.84,8728766.0,19159.25
720,720,BTC_USDT,2022-10-21,18666.77,19242.89,19044.04,19159.25,9087273.0,19198.68
721,721,BTC_USDT,2022-10-22,19109.3,19249.92,19159.25,19198.68,2786387.5,19561.18
722,722,BTC_USDT,2022-10-23,19073.88,19686.0,19198.68,19561.18,5057978.0,19333.15
723,723,BTC_USDT,2022-10-24,19164.44,19596.99,19566.11,19333.15,7398038.0,20081.26
724,724,BTC_USDT,2022-10-25,19242.38,20405.0,19329.13,20081.26,6438529.0,20770.21
725,725,BTC_USDT,2022-10-26,20054.85,21007.57,20081.27,20770.21,10059433.0,20285.0
726,726,BTC_USDT,2022-10-27,20207.61,20864.12,20744.22,20285.0,7336466.5,20592.54
727,727,BTC_USDT,2022-10-28,20010.43,20738.91,20285.0,20592.54,7752234.5,20809.19
728,728,BTC_USDT,2022-10-29,20290.7,21051.74,20591.1,20809.19,7667531.5,20616.47
729,729,BTC_USDT,2022-10-30,20516.52,20923.93,20809.19,20616.47,4771123.5,20493.62
730,730,BTC_USDT,2022-10-31,20239.55,20825.83,20620.07,20493.62,6707739.0,20478.99
731,731,BTC_USDT,2022-11-01,20340.39,20681.05,20487.23,20478.99,7392129.5,20151.0
732,732,BTC_USDT,2022-11-02,20059.6,20787.13,20481.17,20151.0,6859480.5,20203.48
733,733,BTC_USDT,2022-11-03,20037.4,20380.97,20150.34,20203.48,2716606.2,21143.9
734,734,BTC_USDT,2022-11-04,20179.51,21287.65,20201.92,21143.9,7946640.5,21297.59
735,735,BTC_USDT,2022-11-05,21080.01,21461.92,21143.9,21297.59,3254445.5,20911.01
736,736,BTC_USDT,2022-11-06,20892.21,21357.29,21298.12,20911.01,2288863.5,20588.52
737,737,BTC_USDT,2022-11-07,20398.12,21063.91,20898.85,20588.52,5679130.5,18543.5
738,738,BTC_USDT,2022-11-08,17200.83,20671.54,20588.51,18543.5,24254018.0,15899.8
739,739,BTC_USDT,2022-11-09,15591.83,18583.04,18540.37,15899.8,14029431.0,17595.79
740,740,BTC_USDT,2022-11-10,15768.46,18179.4,15905.27,17595.79,11896378.0,17093.55
741,741,BTC_USDT,2022-11-11,16400.0,17700.11,17595.79,17093.55,6771123.5,16817.18
742,742,BTC_USDT,2022-11-12,16649.43,17107.53,17060.26,16817.18,4664721.5,16329.05
743,743,BTC_USDT,2022-11-13,16247.0,16949.99,16805.55,16329.05,6179530.0,16619.34
744,744,BTC_USDT,2022-11-14,15831.0,17157.16,16329.05,16619.34,8992131.0,16896.68
745,745,BTC_USDT,2022-11-15,16534.2,17100.0,16610.89,16896.68,9148812.0,16662.55
746,746,BTC_USDT,2022-11-16,16400.64,17003.06,16893.47,16662.55,9256867.0,16693.08
747,747,BTC_USDT,2022-11-17,16423.03,16745.12,16662.04,16693.08,6591215.0,16704.49
748,748,BTC_USDT,2022-11-18,16560.0,16982.59,16684.52,16704.49,4067223.8,16703.41
749,749,BTC_USDT,2022-11-19,16560.0,16816.6,16698.95,16703.41,3173817.0,16280.84
750,750,BTC_USDT,2022-11-20,16194.61,16753.8,16703.38,16280.84,3887279.5,15779.36
751,751,BTC_USDT,2022-11-21,15516.08,16299.77,16279.96,15779.36,4789699.5,16223.46
752,752,BTC_USDT,2022-11-22,15623.03,16300.0,15781.3,16223.46,3832679.2,16624.01
753,753,BTC_USDT,2022-11-23,16158.41,16685.46,16223.46,16624.01,4064821.0,16603.8
754,754,BTC_USDT,2022-11-24,16463.0,16815.0,16604.23,16603.8,3057339.2,16517.48
755,755,BTC_USDT,2022-11-25,16355.1,16617.32,16598.34,16517.48,2746183.0,16458.62
756,756,BTC_USDT,2022-11-26,16399.72,16686.63,16520.62,16458.62,2251562.2,16425.29
757,757,BTC_USDT,2022-11-27,16403.86,16596.38,16458.63,16425.29,2378807.8,16209.04
758,758,BTC_USDT,2022-11-28,16004.99,16485.39,16421.79,16209.04,2914183.0,16435.0
759,759,BTC_USDT,2022-11-29,16104.49,16535.46,16209.03,16435.0,2759791.5,17158.95
760,760,BTC_USDT,2022-11-30,16429.49,17233.34,16434.14,17158.95,4406522.0,16964.95
761,761,BTC_USDT,2022-12-01,16873.24,17280.0,17159.81,16964.95,5101295.5,17089.6
762,762,BTC_USDT,2022-12-02,16808.65,17097.52,16973.61,17089.6,4353661.0,16886.12
763,763,BTC_USDT,2022-12-03,16858.9,17149.1,17089.19,16886.12,3742018.2,17117.17
764,764,BTC_USDT,2022-12-04,16886.06,17185.68,16886.1,17117.17,5933424.0,16967.94
765,765,BTC_USDT,2022-12-05,16885.36,17400.0,17107.31,16967.94,5768465.5,17086.63
766,766,BTC_USDT,2022-12-06,16916.03,17099.92,16966.42,17086.63,4106733.2,16834.53
767,767,BTC_USDT,2022-12-07,16717.0,17125.19,17085.84,16834.53,2459720.0,17220.47
768,768,BTC_USDT,2022-12-08,16725.0,17287.36,16834.08,17220.47,2087236.5,17129.66
769,769,BTC_USDT,2022-12-09,17066.51,17328.88,17220.47,17129.66,1923274.5,17123.99
770,770,BTC_USDT,2022-12-10,17105.19,17218.0,17128.85,17123.99,1709677.9,17090.89
771,771,BTC_USDT,2022-12-11,17077.03,17400.0,17122.17,17090.89,2400503.5,17206.02
772,772,BTC_USDT,2022-12-12,16880.26,17232.0,17086.19,17206.02,2105841.0,17778.59
773,773,BTC_USDT,2022-12-13,17090.01,17950.0,17205.83,17778.59,2975435.0,17795.92
774,774,BTC_USDT,2022-12-14,17664.2,18362.68,17776.7,17795.92,4006801.0,17361.05
775,775,BTC_USDT,2022-12-15,17293.82,17849.66,17803.59,17361.05,2963314.8,16635.22
776,776,BTC_USDT,2022-12-16,16537.41,17525.2,17361.05,16635.22,3286686.2,16777.41
777,777,BTC_USDT,2022-12-17,16583.76,16791.87,16634.96,16777.41,1159068.6,16746.31
778,778,BTC_USDT,2022-12-18,16672.0,16831.45,16775.05,16746.31,555219.75,16443.27
779,779,BTC_USDT,2022-12-19,16284.96,16812.62,16747.65,16443.27,1188698.5,16900.55
780,780,BTC_USDT,2022-12-20,16400.86,17040.26,16443.26,16900.55,2091225.2,16826.82
781,781,BTC_USDT,2022-12-21,16700.0,16957.84,16900.55,16826.82,2104664.0,16820.62
782,782,BTC_USDT,2022-12-22,16565.9,16860.23,16825.19,16820.62,1247251.1,16782.93
783,783,BTC_USDT,2022-12-23,16771.09,16919.22,16822.85,16782.93,2002616.8,16834.23
784,784,BTC_USDT,2022-12-24,16780.04,16867.7,16782.93,16834.23,1495282.1,16831.87
785,785,BTC_USDT,2022-12-25,16692.0,16857.97,16833.86,16831.87,1686606.8,16919.46
786,786,BTC_USDT,2022-12-26,16797.34,16969.04,16831.92,16919.46,2072607.1,16706.51
787,787,BTC_USDT,2022-12-27,16605.0,16968.25,16922.59,16706.51,2352963.2,16599.5
788,788,BTC_USDT,2022-12-28,16469.6,16778.55,16706.53,16599.5,2983659.0,16638.05
789,789,BTC_USDT,2022-12-29,16491.77,16739.89,16599.5,16638.05,3572821.5,16612.57
790,790,BTC_USDT,2022-12-30,16346.92,16655.63,16636.98,16612.57,4331262.5,16540.71
791,791,BTC_USDT,2022-12-31,16470.55,16638.87,16612.35,16540.71,3678292.8,16616.42
792,792,BTC_USDT,2023-01-01,16501.62,16624.87,16538.44,16616.42,2256861.0,16675.54
793,793,BTC_USDT,2023-01-02,16550.33,16800.0,16616.31,16675.54,3238796.0,16675.31
794,794,BTC_USDT,2023-01-03,16611.51,18974.78,16675.16,16675.31,6038542.0,16853.53
795,795,BTC_USDT,2023-01-04,16658.82,18000.0,16675.27,16853.53,3843236.5,16828.48
796,796,BTC_USDT,2023-01-05,16761.19,16950.0,16853.54,16828.48,3734069.0,16954.74
797,797,BTC_USDT,2023-01-06,16684.9,17130.54,16824.24,16954.74,3919125.8,16944.42
798,798,BTC_USDT,2023-01-07,16903.21,17500.0,16954.73,16944.42,3024289.5,17130.05
799,799,BTC_USDT,2023-01-08,16914.64,17155.46,16944.46,17130.05,3186681.5,17174.31
800,800,BTC_USDT,2023-01-09,17108.84,17391.53,17126.87,17174.31,6343400.5,17440.02
801,801,BTC_USDT,2023-01-10,17137.85,17488.31,17167.94,17440.02,6020397.5,17939.64
802,802,BTC_USDT,2023-01-11,17318.56,17992.97,17440.71,17939.64,5993707.5,18848.32
803,803,BTC_USDT,2023-01-12,17913.31,19100.0,17945.96,18848.32,5959688.0,19919.92
804,804,BTC_USDT,2023-01-13,18709.8,19975.33,18848.27,19919.92,6556504.0,20961.15
805,805,BTC_USDT,2023-01-14,18830.0,21200.0,19928.53,20961.15,8279108.0,20868.19
806,806,BTC_USDT,2023-01-15,20568.11,21025.0,20938.9,20868.19,3923696.5,21179.4
807,807,BTC_USDT,2023-01-16,20642.34,21437.56,20870.23,21179.4,6127032.5,21133.49
808,808,BTC_USDT,2023-01-17,20863.13,21555.0,21179.37,21133.49,3940334.0,20686.66
809,809,BTC_USDT,2023-01-18,20427.01,21628.0,21134.13,20686.66,6624806.5,21069.59
810,810,BTC_USDT,2023-01-19,20665.92,21182.7,20677.21,21069.59,4288449.5,22670.95
811,811,BTC_USDT,2023-01-20,20869.55,22734.05,21068.56,22670.95,4961058.5,22788.91
812,812,BTC_USDT,2023-01-21,22451.94,23342.93,22661.48,22788.91,6435948.0,22709.09
813,813,BTC_USDT,2023-01-22,22318.63,23075.01,22788.91,22709.09,5258695.0,22910.76
814,814,BTC_USDT,2023-01-23,22513.71,23170.0,22708.91,22910.76,5357675.0,22635.69
815,815,BTC_USDT,2023-01-24,22469.5,23154.85,22904.12,22635.69,5343210.0,23059.58
816,816,BTC_USDT,2023-01-25,22339.85,23787.0,22636.66,23059.58,4330258.0,23003.65
817,817,BTC_USDT,2023-01-26,22860.0,23261.76,23073.63,23003.65,3052406.2,23075.07
818,818,BTC_USDT,2023-01-27,22537.69,23487.36,23003.65,23075.07,3054512.5,23020.22
819,819,BTC_USDT,2023-01-28,22891.62,23180.23,23073.04,23020.22,2271018.8,23744.9
820,820,BTC_USDT,2023-01-29,22970.7,23941.36,23013.08,23744.9,3878894.0,22823.48
821,821,BTC_USDT,2023-01-30,22524.95,23791.22,23744.91,22823.48,3686847.8,23125.33
822,822,BTC_USDT,2023-01-31,22724.31,23284.16,22823.45,23125.33,2855156.8,23733.22
823,823,BTC_USDT,2023-02-01,22752.24,23791.48,23125.31,23733.22,3625218.8,23495.04
824,824,BTC_USDT,2023-02-02,23387.67,24246.92,23726.63,23495.04,4422186.0,23431.44
825,825,BTC_USDT,2023-02-03,23228.66,23699.0,23495.04,23431.44,3000810.0,23321.01
826,826,BTC_USDT,2023-02-04,23261.09,23574.01,23427.04,23321.01,2432227.5,22938.16
827,827,BTC_USDT,2023-02-05,22760.21,23426.25,23321.0,22938.16,2830388.0,22762.12
828,828,BTC_USDT,2023-02-06,22636.55,23150.47,22936.94,22762.12,2901100.8,23251.95
829,829,BTC_USDT,2023-02-07,22743.87,23334.31,22759.06,23251.95,2390316.8,22960.41
830,830,BTC_USDT,2023-02-08,22682.62,23428.11,23251.95,22960.41,2797803.0,21800.44
831,831,BTC_USDT,2023-02-09,21704.14,23006.94,22960.35,21800.44,3877408.8,21631.84
832,832,BTC_USDT,2023-02-10,21477.95,21932.73,21807.9,21631.84,2704215.5,21859.91
833,833,BTC_USDT,2023-02-11,21600.77,21899.97,21622.44,21859.91,2025200.0,21784.02
834,834,BTC_USDT,2023-02-12,21634.18,22076.65,21856.69,21784.02,2073202.6,21775.69
835,835,BTC_USDT,2023-02-13,21365.4,21885.15,21783.36,21775.69,2807316.0,22198.93
836,836,BTC_USDT,2023-02-14,21556.24,22289.72,21770.94,22198.93,3577765.5,24328.01
837,837,BTC_USDT,2023-02-15,22048.94,24348.0,22198.94,24328.01,4774934.5,23515.04
838,838,BTC_USDT,2023-02-16,23500.1,25230.0,24326.47,23515.04,6396056.5,24575.5
839,839,BTC_USDT,2023-02-17,23304.04,25250.0,23513.21,24575.5,5329184.5,24624.17
840,840,BTC_USDT,2023-02-18,24433.05,24850.0,24571.58,24624.17,2755287.5,24285.77
841,841,BTC_USDT,2023-02-19,24183.67,25178.74,24619.96,24285.77,3909984.8,24829.92
842,842,BTC_USDT,2023-02-20,23848.17,25100.0,24269.33,24829.92,3832025.2,24450.59
843,843,BTC_USDT,2023-02-21,24157.9,25259.43,24832.08,24450.59,4173080.0,24186.0
844,844,BTC_USDT,2023-02-22,23591.67,24470.34,24458.35,24186.0,3498859.0,23937.95
845,845,BTC_USDT,2023-02-23,23619.15,24729.74,24186.01,23937.95,4000948.0,23183.52
846,846,BTC_USDT,2023-02-24,22872.01,24126.68,23942.81,23183.52,4732079.0,23156.4
847,847,BTC_USDT,2023-02-25,22761.01,23212.21,23171.37,23156.4,2451618.0,23560.63
848,848,BTC_USDT,2023-02-26,23069.07,23667.29,23161.37,23560.63,2692949.5,23492.07
849,849,BTC_USDT,2023-02-27,23128.52,23883.42,23554.44,23492.07,3307946.0,23136.03
850,850,BTC_USDT,2023-02-28,23029.43,23593.5,23494.36,23136.03,2890987.5,23631.74
851,851,BTC_USDT,2023-03-01,23030.84,23985.05,23140.56,23631.74,3031203.5,23466.53
852,852,BTC_USDT,2023-03-02,23207.01,23792.17,23631.73,23466.53,2339079.5,22352.0
853,853,BTC_USDT,2023-03-03,22050.0,23474.48,23468.93,22352.0,6273836.0,22358.65
854,854,BTC_USDT,2023-03-04,22184.44,22406.47,22350.39,22358.65,5289965.5,22423.38
855,855,BTC_USDT,2023-03-05,22224.0,22649.97,22360.99,22423.38,1868978.2,22405.32
856,856,BTC_USDT,2023-03-06,22300.0,22592.14,22423.38,22405.32,2329234.5,22199.64
857,857,BTC_USDT,2023-03-07,21950.0,22559.55,22401.36,22199.64,3768294.8,21702.16
858,858,BTC_USDT,2023-03-08,21600.0,22274.96,22199.11,21702.16,5723888.5,20356.73
859,859,BTC_USDT,2023-03-09,20080.0,21839.9,21702.17,20356.73,4148560.5,20161.29
860,860,BTC_USDT,2023-03-10,19625.03,20448.24,20358.57,20161.29,6702000.0,20460.09
861,861,BTC_USDT,2023-03-11,19783.71,20664.23,20158.64,20460.09,2909446.8,21981.89
862,862,BTC_USDT,2023-03-12,20272.52,22100.0,20450.45,21981.89,2832453.0,24101.53
863,863,BTC_USDT,2023-03-13,21826.1,24451.16,21984.65,24101.53,6497815.0,24690.97
864,864,BTC_USDT,2023-03-14,23972.11,26336.36,24112.22,24690.97,8255335.0,24274.61
865,865,BTC_USDT,2023-03-15,23415.85,25155.22,24679.3,24274.61,4082344.8,24997.72
866,866,BTC_USDT,2023-03-16,24142.45,25132.75,24268.5,24997.72,3808264.2,27384.12
867,867,BTC_USDT,2023-03-17,24892.91,27702.0,24995.57,27384.12,6707206.0,26905.78
868,868,BTC_USDT,2023-03-18,26600.0,27702.0,27386.7,26905.78,5178629.5,27955.25
869,869,BTC_USDT,2023-03-19,26835.07,28600.0,26907.93,27955.25,4061679.0,27718.1
870,870,BTC_USDT,2023-03-20,27146.09,28600.0,27955.25,27718.1,5088328.0,28108.27
871,871,BTC_USDT,2023-03-21,27344.0,28420.0,27726.95,28108.27,4111102.2,27250.91
872,872,BTC_USDT,2023-03-22,26648.0,28800.0,28100.37,27250.91,4565485.0,28287.79
873,873,BTC_USDT,2023-03-23,27118.91,28724.99,27247.1,28287.79,2858115.5,27440.7
874,874,BTC_USDT,2023-03-24,27012.53,28364.71,28290.72,27440.7,3393323.8,27470.19
875,875,BTC_USDT,2023-03-25,27168.79,27768.22,27440.71,27470.19,1559023.6,27968.27
876,876,BTC_USDT,2023-03-26,27419.02,28163.21,27455.24,27968.27,1761298.6,27116.04
877,877,BTC_USDT,2023-03-27,26534.93,28018.37,27968.27,27116.04,2463170.0,27259.81
878,878,BTC_USDT,2023-03-28,26666.66,27496.84,27123.98,27259.81,3574055.0,28350.29
879,879,BTC_USDT,2023-03-29,27257.14,28622.44,27267.64,28350.29,2329165.8,28032.83
880,880,BTC_USDT,2023-03-30,27700.0,29169.99,28342.85,28032.83,3662349.5,28469.67
881,881,BTC_USDT,2023-03-31,27536.84,28649.01,28022.38,28469.67,2549140.8,28455.58
882,882,BTC_USDT,2023-04-01,28253.0,28795.0,28469.64,28455.58,1311730.5,28171.86
883,883,BTC_USDT,2023-04-02,27855.88,28518.21,28455.58,28171.86,1180239.8,27802.75
884,884,BTC_USDT,2023-04-03,27234.02,28490.0,28173.04,27802.75,4126064.5,28164.56
885,885,BTC_USDT,2023-04-04,27675.38,28400.0,27802.76,28164.56,2434270.5,28173.02
886,886,BTC_USDT,2023-04-05,27823.33,28769.43,28160.03,28173.02,3322966.5,28014.35
887,887,BTC_USDT,2023-04-06,27727.28,28173.22,28173.0,28014.35,1702781.2,27909.12
888,888,BTC_USDT,2023-04-07,27795.0,28089.07,28017.27,27909.12,893867.9,27926.9
889,889,BTC_USDT,2023-04-08,27856.46,28139.99,27903.57,27926.9,1462108.0,28319.67
890,890,BTC_USDT,2023-04-09,27800.03,28490.0,27926.89,28319.67,1275769.8,29642.3
891,891,BTC_USDT,2023-04-10,28172.55,29912.36,28326.58,29642.3,3066734.5,30203.37
892,892,BTC_USDT,2023-04-11,29592.6,30525.43,29641.87,30203.37,5379706.0,29886.18
893,893,BTC_USDT,2023-04-12,29666.0,30457.46,30203.71,29886.18,3805783.0,30383.74
894,894,BTC_USDT,2023-04-13,29876.85,30567.2,29886.13,30383.74,2452283.2,30469.65
895,895,BTC_USDT,2023-04-14,30030.0,30972.97,30380.65,30469.65,4839988.0,30298.12
896,896,BTC_USDT,2023-04-15,30200.0,30567.2,30469.65,30298.12,793404.25,30304.37
897,897,BTC_USDT,2023-04-16,30131.81,30541.07,30294.72,30304.37,1709207.9,29427.34
898,898,BTC_USDT,2023-04-17,29257.7,30306.31,30304.37,29427.34,3814731.5,30383.04
899,899,BTC_USDT,2023-04-18,29131.0,30465.44,29430.65,30383.04,3943911.0,28782.58
900,900,BTC_USDT,2023-04-19,28614.0,30399.19,30376.97,28782.58,8676283.0,28240.45
901,901,BTC_USDT,2023-04-20,28036.88,29076.01,28791.26,28240.45,5189881.0,27265.56
902,902,BTC_USDT,2023-04-21,27168.33,28350.37,28240.45,27265.56,3350871.2,27815.64
903,903,BTC_USDT,2023-04-22,27160.0,27871.92,27264.97,27815.64,1500032.5,27593.32
904,904,BTC_USDT,2023-04-23,27358.39,27813.2,27810.13,27593.32,1632575.8,27511.41
905,905,BTC_USDT,2023-04-24,26990.37,27977.53,27584.92,27511.41,2373977.5,28299.91
906,906,BTC_USDT,2023-04-25,27177.71,28384.5,27511.39,28299.91,2320128.2,28419.76
907,907,BTC_USDT,2023-04-26,27399.31,29993.65,28297.74,28419.76,10779326.0,29474.99
908,908,BTC_USDT,2023-04-27,28384.56,29856.16,28419.76,29474.99,7036195.5,29312.99
909,909,BTC_USDT,2023-04-28,28907.59,29570.08,29473.01,29312.99,2640952.2,29227.56
910,910,BTC_USDT,2023-04-29,29050.03,29428.08,29308.93,29227.56,984604.94,29226.2
911,911,BTC_USDT,2023-04-30,29082.66,29928.12,29231.21,29226.2,3266850.0,28075.15
912,912,BTC_USDT,2023-05-01,27687.82,29347.96,29226.94,28075.15,4777422.5,28669.21
913,913,BTC_USDT,2023-05-02,27899.7,28878.94,28064.29,28669.21,1421141.9,29017.94
914,914,BTC_USDT,2023-05-03,28131.2,29250.0,28666.57,29017.94,1641828.6,28841.04
915,915,BTC_USDT,2023-05-04,28682.23,29360.94,29017.95,28841.04,1527797.1,29503.66
916,916,BTC_USDT,2023-05-05,28755.15,29656.26,28841.01,29503.66,4364455.0,28845.33
917,917,BTC_USDT,2023-05-06,28376.6,29800.0,29501.57,28845.33,1941788.5,28412.59
918,918,BTC_USDT,2023-05-07,28404.33,29100.0,28848.92,28412.59,1221923.4,27670.03
919,919,BTC_USDT,2023-05-08,27165.83,28621.67,28429.37,27670.03,3556975.0,27633.22
920,920,BTC_USDT,2023-05-09,27343.36,27810.51,27664.49,27633.22,1642823.6,27599.99
921,921,BTC_USDT,2023-05-10,26810.0,28309.88,27627.9,27599.99,2686678.5,26972.8
922,922,BTC_USDT,2023-05-11,26721.14,27613.33,27596.02,26972.8,1777410.0,26798.62
923,923,BTC_USDT,2023-05-12,25828.72,27095.36,26965.16,26798.62,2466211.0,26775.18
924,924,BTC_USDT,2023-05-13,26688.1,27021.77,26798.62,26775.18,938626.0,26914.93
925,925,BTC_USDT,2023-05-14,26577.06,27185.04,26775.13,26914.93,1089729.5,27177.46
926,926,BTC_USDT,2023-05-15,26734.64,27651.55,26920.3,27177.46,1698239.9,27033.13
927,927,BTC_USDT,2023-05-16,26869.75,27302.33,27161.38,27033.13,1318797.0,27397.29
928,928,BTC_USDT,2023-05-17,26548.0,27500.0,27036.48,27397.29,1456235.6,26819.44
929,929,BTC_USDT,2023-05-18,26367.29,27466.95,27403.44,26819.44,1378268.5,26877.65
930,930,BTC_USDT,2023-05-19,26640.47,27193.69,26825.2,26877.65,1109244.1,27107.04
931,931,BTC_USDT,2023-05-20,26822.18,27142.92,26877.65,27107.04,968758.56,26725.9
932,932,BTC_USDT,2023-05-21,26679.13,27261.56,27098.09,26725.9,1071731.9,26846.61
933,933,BTC_USDT,2023-05-22,26546.6,27073.37,26720.5,26846.61,1080206.5,27204.58
934,934,BTC_USDT,2023-05-23,26800.01,27471.27,26848.25,27204.58,1349939.2,26330.98
935,935,BTC_USDT,2023-05-24,26100.0,27214.37,27211.26,26330.98,3057467.5,26498.76
936,936,BTC_USDT,2023-05-25,25891.01,26620.0,26327.37,26498.76,1346806.0,26705.93
937,937,BTC_USDT,2023-05-26,26333.3,26910.83,26498.76,26705.93,2260737.5,26856.16
938,938,BTC_USDT,2023-05-27,26567.29,26878.13,26706.14,26856.16,1042352.25,28064.96
939,939,BTC_USDT,2023-05-28,26769.82,28235.16,26856.16,28064.96,3475176.5,27736.66
940,940,BTC_USDT,2023-05-29,27500.0,28415.13,28064.97,27736.66,1670174.6,27690.9
941,941,BTC_USDT,2023-05-30,27476.9,28020.34,27735.29,27690.9,1353855.4,27211.46
942,942,BTC_USDT,2023-05-31,26860.88,27821.42,27693.73,27211.46,1844140.0,26815.36
943,943,BTC_USDT,2023-06-01,26635.39,27336.76,27210.55,26815.36,2640143.8,27241.1
944,944,BTC_USDT,2023-06-02,26529.97,27291.61,26815.36,27241.1,1488043.5,27073.9
945,945,BTC_USDT,2023-06-03,26937.2,27312.68,27245.24,27073.9,1022352.75,27118.31
946,946,BTC_USDT,2023-06-04,26966.91,27438.24,27072.28,27118.31,1142135.5,25720.54
947,947,BTC_USDT,2023-06-05,25428.54,27129.47,27118.29,25720.54,3954983.2,27217.65
948,948,BTC_USDT,2023-06-06,25370.01,27330.16,25730.78,27217.65,2707702.2,26339.28
949,949,BTC_USDT,2023-06-07,26143.06,27300.0,27225.04,26339.28,2507666.5,26491.33
950,950,BTC_USDT,2023-06-08,26222.71,26798.69,26339.11,26491.33,1468559.8,26476.04
951,951,BTC_USDT,2023-06-09,26282.96,26763.64,26498.12,26476.04,1470141.8,25837.34
952,952,BTC_USDT,2023-06-10,25367.29,26532.34,26475.22,25837.34,2576123.2,25925.39
953,953,BTC_USDT,2023-06-11,25640.68,26236.91,25838.75,25925.39,1470589.0,25905.39
954,954,BTC_USDT,2023-06-12,25630.0,26093.75,25922.96,25905.39,1754828.5,25927.1
955,955,BTC_USDT,2023-06-13,25735.5,26408.38,25907.78,25927.1,2049317.1,25137.0
956,956,BTC_USDT,2023-06-14,24820.88,26080.0,25936.73,25137.0,3580276.5,25595.93
957,957,BTC_USDT,2023-06-15,24801.31,25745.0,25137.0,25595.93,3684470.0,26344.94
958,958,BTC_USDT,2023-06-16,25209.24,26494.69,25595.92,26344.94,3249048.8,26509.82
959,959,BTC_USDT,2023-06-17,26187.89,26761.79,26345.06,26509.82,1671606.0,26338.73
960,960,BTC_USDT,2023-06-18,26276.13,26680.0,26493.28,26338.73,1748663.1,26839.48
961,961,BTC_USDT,2023-06-19,26267.77,27050.0,26338.18,26839.48,1758281.4,28295.56
962,962,BTC_USDT,2023-06-20,26659.64,28375.68,26839.47,28295.56,4003918.5,30005.35
963,963,BTC_USDT,2023-06-21,28251.96,30755.0,28301.21,30005.35,6069175.5,29889.31
964,964,BTC_USDT,2023-06-22,29568.12,30473.0,29996.89,29889.31,2461896.8,30677.5
965,965,BTC_USDT,2023-06-23,29821.88,31420.08,29887.9,30677.5,4139521.5,30519.48
966,966,BTC_USDT,2023-06-24,30250.8,30797.5,30669.84,30519.48,1514113.1,30465.2
967,967,BTC_USDT,2023-06-25,30288.06,31028.43,30524.48,30465.2,2246170.2,30257.61
968,968,BTC_USDT,2023-06-26,29920.0,30649.48,30466.98,30257.61,4607168.5,30684.16
969,969,BTC_USDT,2023-06-27,30224.61,30976.1,30264.79,30684.16,2003093.8,30079.22
970,970,BTC_USDT,2023-06-28,29868.35,30705.88,30695.52,30079.22,3158518.8,30442.41
971,971,BTC_USDT,2023-06-29,30044.65,30817.08,30077.96,30442.41,4230217.0,30480.1
972,972,BTC_USDT,2023-06-30,29533.0,31262.76,30442.6,30480.1,5368248.5,30585.43
973,973,BTC_USDT,2023-07-01,30326.94,30650.0,30480.1,30585.43,1597439.2,30620.23
974,974,BTC_USDT,2023-07-02,30186.03,30775.17,30585.01,30620.23,2049645.8,31158.16
975,975,BTC_USDT,2023-07-03,30576.78,31377.9,30620.15,31158.16,3035208.2,30768.07
976,976,BTC_USDT,2023-07-04,30620.0,31315.19,31163.84,30768.07,2336698.8,30496.23
977,977,BTC_USDT,2023-07-05,30217.83,30869.54,30768.11,30496.23,3280560.8,29917.08
978,978,BTC_USDT,2023-07-06,29881.21,31444.35,30495.74,29917.08,7494978.0,30334.7
979,979,BTC_USDT,2023-07-07,29735.66,30428.26,29908.67,30334.7,10161671.0,30273.24
980,980,BTC_USDT,2023-07-08,30079.15,30367.03,30332.8,30273.24,3571765.0,30157.28
981,981,BTC_USDT,2023-07-09,30081.68,30404.68,30272.91,30157.28,4383567.0,30408.33
982,982,BTC_USDT,2023-07-10,29983.42,30970.27,30156.56,30408.33,12160267.0,30615.47
983,983,BTC_USDT,2023-07-11,30341.48,30745.91,30408.2,30615.47,7651458.5,30382.67
984,984,BTC_USDT,2023-07-12,30256.76,30873.91,30615.47,30382.67,8347960.5,31449.79
985,985,BTC_USDT,2023-07-13,30270.0,31653.19,30389.29,31449.79,17506224.0,30302.06
986,986,BTC_USDT,2023-07-14,30025.14,31543.62,31452.53,30302.06,13500461.0,30287.03
987,987,BTC_USDT,2023-07-15,30240.71,30365.08,30294.54,30287.03,2393857.0,30227.18
988,988,BTC_USDT,2023-07-16,30118.84,30421.26,30278.79,30227.18,4655345.0,30136.58
989,989,BTC_USDT,2023-07-17,29807.64,30317.99,30216.4,30136.58,7915477.5,29851.93
990,990,BTC_USDT,2023-07-18,29622.46,30225.02,30136.59,29851.93,7747416.0,29912.1
991,991,BTC_USDT,2023-07-19,29807.64,30174.78,29849.82,29912.1,7398384.0,29805.24
992,992,BTC_USDT,2023-07-20,29653.24,30403.38,29917.36,29805.24,8628491.0,29904.68
993,993,BTC_USDT,2023-07-21,29733.99,30041.16,29796.74,29904.68,5227232.0,29791.88
994,994,BTC_USDT,2023-07-22,29684.05,29981.87,29904.98,29791.88,2969784.8,30079.03
995,995,BTC_USDT,2023-07-23,29747.72,30328.92,29791.88,30079.03,5743009.0,29177.81
996,996,BTC_USDT,2023-07-24,28889.2,30090.95,30078.05,29177.81,8769196.0,29236.05
997,997,BTC_USDT,2023-07-25,29058.37,29353.42,29177.81,29236.05,4512883.5,29351.04
998,998,BTC_USDT,2023-07-26,29134.25,29640.58,29234.13,29351.04,7901964.0,29215.85
999,999,BTC_USDT,2023-07-27,29107.69,29554.59,29355.55,29215.85,6066167.0,29311.41
1000,1000,BTC_USDT,2023-07-28,29131.64,29525.04,29213.33,29311.41,6694149.0,29350.9
1001,1001,BTC_USDT,2023-07-29,29266.31,29398.69,29310.13,29350.9,3271286.2,29270.89
1002,1002,BTC_USDT,2023-07-30,29111.83,29433.51,29350.89,29270.89,4717635.0,29226.87
1003,1003,BTC_USDT,2023-07-31,29134.25,29487.37,29269.15,29226.87,7613750.0,29667.11
1004,1004,BTC_USDT,2023-08-01,28608.28,29678.15,29226.82,29667.11,23953712.0,29175.06
1005,1005,BTC_USDT,2023-08-02,29052.0,30000.0,29672.4,29175.06,40449516.0,29207.85
1006,1006,BTC_USDT,2023-08-03,28994.53,29348.0,29174.69,29207.85,195287088.0,29109.97
1007,1007,BTC_USDT,2023-08-04,28916.97,29311.49,29207.82,29109.97,191339280.0,29075.76
1008,1008,BTC_USDT,2023-08-05,28982.16,29129.24,29108.88,29075.76,171067616.0,29089.1
1009,1009,BTC_USDT,2023-08-06,29001.0,29186.18,29075.76,29089.1,203906896.0,29209.97
1010,1010,BTC_USDT,2023-08-07,28700.03,29265.02,29089.34,29209.97,257367648.0,29779.18
1011,1011,BTC_USDT,2023-08-08,29149.86,30214.13,29211.75,29779.18,213126064.0,29579.38
1012,1012,BTC_USDT,2023-08-09,29400.0,30121.59,29776.47,29579.38,161696320.0,29457.1
1013,1013,BTC_USDT,2023-08-10,29364.81,29732.49,29579.76,29457.1,203184864.0,29429.26
1014,1014,BTC_USDT,2023-08-11,29259.23,29549.7,29454.91,29429.26,153399152.0,29431.48
1015,1015,BTC_USDT,2023-08-12,29379.08,29479.96,29425.9,29431.48,132800496.0,29302.86
1016,1016,BTC_USDT,2023-08-13,29274.97,29471.04,29431.49,29302.86,142018496.0,29431.46
1017,1017,BTC_USDT,2023-08-14,29114.49,29687.08,29297.83,29431.46,144894752.0,29199.7
1018,1018,BTC_USDT,2023-08-15,29079.81,29487.96,29429.61,29199.7,140416768.0,28731.39
1019,1019,BTC_USDT,2023-08-16,28731.39,29256.88,29198.77,28731.39,139597264.0,26626.95
1020,1020,BTC_USDT,2023-08-17,25492.0,28790.38,28730.66,26626.95,144892864.0,26053.11
1021,1021,BTC_USDT,2023-08-18,25650.0,26816.67,26619.62,26053.11,141994288.0,26097.29
1022,1022,BTC_USDT,2023-08-19,25808.67,26265.17,26049.92,26097.29,136999888.0,26184.73
1023,1023,BTC_USDT,2023-08-20,25985.04,26285.58,26102.57,26184.73,128316704.0,26118.79
1024,1024,BTC_USDT,2023-08-21,25805.26,26231.44,26183.85,26118.79,153156752.0,26049.58
1025,1025,BTC_USDT,2023-08-22,25350.0,26140.8,26123.77,26049.58,157610320.0,26429.72
1026,1026,BTC_USDT,2023-08-23,25813.51,26798.02,26053.7,26429.72,161248624.0,26179.12
1027,1027,BTC_USDT,2023-08-24,25890.42,26561.48,26429.33,26179.12,162693008.0,26059.05
1028,1028,BTC_USDT,2023-08-25,25799.81,26290.19,26174.23,26059.05,156854736.0,26018.79
1029,1029,BTC_USDT,2023-08-26,25980.08,26109.72,26058.56,26018.79,144707072.0,26094.09
1030,1030,BTC_USDT,2023-08-27,25964.97,26176.46,26018.8,26094.09,120756248.0,26117.75
1031,1031,BTC_USDT,2023-08-28,25866.07,26235.78,26091.88,26117.75,113158320.0,27721.45
1032,1032,BTC_USDT,2023-08-29,25930.0,28068.74,26119.7,27721.45,96932104.0,27298.2
1033,1033,BTC_USDT,2023-08-30,27025.06,27757.96,27721.45,27298.2,213839392.0,25935.43
1034,1034,BTC_USDT,2023-08-31,25685.56,27564.18,27295.56,25935.43,95622432.0,25807.41
1035,1035,BTC_USDT,2023-09-01,25350.0,26180.65,25932.75,25807.41,137575360.0,25870.26
1036,1036,BTC_USDT,2023-09-02,25761.02,25979.94,25809.08,25870.26,122015944.0,25968.78
1037,1037,BTC_USDT,2023-09-03,25805.43,26109.72,25873.41,25968.78,121423760.0,25823.91
1038,1038,BTC_USDT,2023-09-04,25646.74,26099.99,25973.18,25823.91,85028984.0,25787.53
1039,1039,BTC_USDT,2023-09-05,25589.3,25894.03,25821.9,25787.53,58430460.0,25755.96
1040,1040,BTC_USDT,2023-09-06,25384.01,26008.09,25789.17,25755.96,57663088.0,26239.97
1041,1041,BTC_USDT,2023-09-07,25625.01,26420.0,25757.15,26239.97,55988420.0,25903.9
1042,1042,BTC_USDT,2023-09-08,25658.4,26417.92,26248.85,25903.9,62990332.0,25898.24
1043,1043,BTC_USDT,2023-09-09,25810.01,25928.81,25903.14,25898.24,36146008.0,25839.51
1044,1044,BTC_USDT,2023-09-10,25589.64,26008.47,25898.37,25839.51,33066122.0,25170.04
1045,1045,BTC_USDT,2023-09-11,24923.65,25887.6,25840.96,25170.04,41030048.0,25826.89
1046,1046,BTC_USDT,2023-09-12,25129.06,26506.15,25163.3,25826.89,44976384.0,26215.56
1047,1047,BTC_USDT,2023-09-13,25765.36,26385.58,25823.83,26215.56,33903948.0,26517.18
1048,1048,BTC_USDT,2023-09-14,26132.48,26822.0,26214.27,26517.18,28704774.0,26600.03
1049,1049,BTC_USDT,2023-09-15,26225.1,26850.15,26512.92,26600.03,27060992.0,26551.43
1050,1050,BTC_USDT,2023-09-16,26448.53,26756.95,26605.35,26551.43,27479368.0,26523.42
1051,1051,BTC_USDT,2023-09-17,26400.01,26610.76,26556.24,26523.42,17832154.0,26752.88
1052,1052,BTC_USDT,2023-09-18,26384.41,27384.63,26523.43,26752.88,30944606.0,27200.44
1053,1053,BTC_USDT,2023-09-19,26681.35,27498.68,26749.55,27200.44,33437812.0,27113.0
1054,1054,BTC_USDT,2023-09-20,26844.14,27382.07,27206.17,27113.0,28857948.0,26573.81
1055,1055,BTC_USDT,2023-09-21,26392.93,27155.8,27114.49,26573.81,30759656.0,26578.04
1056,1056,BTC_USDT,2023-09-22,26494.6,26735.99,26567.23,26578.04,23565192.0,26567.19
1057,1057,BTC_USDT,2023-09-23,26508.07,26648.96,26577.64,26567.19,16305665.0,26246.48
1058,1058,BTC_USDT,2023-09-24,26150.0,26734.31,26569.15,26246.48,12979441.0,26303.68
1059,1059,BTC_USDT,2023-09-25,26002.34,26435.51,26246.47,26303.68,29558996.0,26218.78
1060,1060,BTC_USDT,2023-09-26,26101.59,26395.32,26300.17,26218.78,27373194.0,26367.41
1061,1061,BTC_USDT,2023-09-27,26100.0,26826.39,26214.01,26367.41,37869532.0,27017.99
1062,1062,BTC_USDT,2023-09-28,26339.6,27290.24,26369.34,27017.99,51378024.0,26906.87
1063,1063,BTC_USDT,2023-09-29,26704.52,27224.08,27019.2,26906.87,50639060.0,26963.34
1064,1064,BTC_USDT,2023-09-30,26888.8,27086.59,26903.78,26963.34,31372394.0,27963.19
1065,1065,BTC_USDT,2023-10-01,26950.96,28023.42,26962.75,27963.19,28923746.0,27498.7
1066,1066,BTC_USDT,2023-10-02,27300.0,28514.75,27975.06,27498.7,55398920.0,27426.56
1067,1067,BTC_USDT,2023-10-03,27174.0,27668.44,27491.34,27426.56,85231336.0,27782.28
1068,1068,BTC_USDT,2023-10-04,27226.34,27826.31,27414.54,27782.28,68025576.0,27406.73
1069,1069,BTC_USDT,2023-10-05,27363.09,28108.24,27777.34,27406.73,59149012.0,27930.84
1070,1070,BTC_USDT,2023-10-06,27195.56,28261.63,27411.81,27930.84,66318732.0,27953.96
1071,1071,BTC_USDT,2023-10-07,27844.51,28015.47,27928.48,27953.96,55521180.0,27920.24
1072,1072,BTC_USDT,2023-10-08,27705.28,28087.49,27953.55,27920.24,36278284.0,27581.95
1073,1073,BTC_USDT,2023-10-09,27260.93,27979.0,27928.07,27581.95,38535176.0,27391.12
1074,1074,BTC_USDT,2023-10-10,27300.01,27725.8,27590.0,27391.12,28203902.0,26881.59
1075,1075,BTC_USDT,2023-10-11,26547.4,27473.75,27394.06,26881.59,23001124.0,26759.45
1076,1076,BTC_USDT,2023-10-12,26563.15,26935.01,26878.1,26759.45,19693696.0,26862.98
1077,1077,BTC_USDT,2023-10-13,26685.48,27189.49,26753.69,26862.98,17459042.0,26850.84
1078,1078,BTC_USDT,2023-10-14,26794.89,26974.43,26862.78,26850.84,13748567.0,27146.12
1079,1079,BTC_USDT,2023-10-15,26810.87,27285.57,26851.14,27146.12,11150056.0,28497.19
1080,1080,BTC_USDT,2023-10-16,27104.08,29890.0,27146.39,28497.19,31465002.0,28402.85
1081,1081,BTC_USDT,2023-10-17,28085.19,28600.0,28496.7,28402.85,34113660.0,28317.76
1082,1082,BTC_USDT,2023-10-18,28147.97,28950.0,28390.18,28317.76,22850424.0,28714.63
1083,1083,BTC_USDT,2023-10-19,28150.58,28890.0,28315.81,28714.63,23714230.0,29664.2
1084,1084,BTC_USDT,2023-10-20,28579.73,30169.15,28709.24,29664.2,32966040.0,29907.88
1085,1085,BTC_USDT,2023-10-21,29461.83,30337.49,29661.73,29907.88,24302548.0,29967.34
1086,1086,BTC_USDT,2023-10-22,29649.75,30212.16,29906.09,29967.34,23994600.0,32967.26
1087,1087,BTC_USDT,2023-10-23,29871.92,34600.0,29973.13,32967.26,39833784.0,33909.76
1088,1088,BTC_USDT,2023-10-24,32830.55,35100.0,32977.35,33909.76,48286608.0,34495.73
1089,1089,BTC_USDT,2023-10-25,33660.25,35055.67,33906.43,34495.73,43769908.0,34146.56
1090,1090,BTC_USDT,2023-10-26,33750.38,34817.77,34494.19,34146.56,42435516.0,33880.49
1091,1091,BTC_USDT,2023-10-27,33409.82,34235.71,34133.89,33880.49,36624752.0,34080.67
1092,1092,BTC_USDT,2023-10-28,33850.32,34454.54,33880.43,34080.67,26329514.0,34523.83
1093,1093,BTC_USDT,2023-10-29,33924.6,34742.33,34080.66,34523.83,19939714.0,34474.26
1094,1094,BTC_USDT,2023-10-30,34100.0,34819.52,34519.08,34474.26,19974574.0,34641.9
1095,1095,BTC_USDT,2023-10-31,34038.44,34713.36,34476.11,34641.9,140713744.0,35415.26
1096,1096,BTC_USDT,2023-11-01,34133.33,35556.85,34632.76,35415.26,101843280.0,34914.82
1097,1097,BTC_USDT,2023-11-02,34331.58,35915.21,35414.84,34914.82,79162096.0,34716.43
1098,1098,BTC_USDT,2023-11-03,34143.28,34946.95,34937.32,34716.43,76274408.0,35053.02
1099,1099,BTC_USDT,2023-11-04,34600.0,35241.07,34712.96,35053.02,79567168.0,35028.33
1100,1100,BTC_USDT,2023-11-05,34485.58,35347.36,35053.81,35028.33,78945184.0,35039.94
1101,1101,BTC_USDT,2023-11-06,34731.26,35272.3,35028.33,35039.94,36276288.0,35391.66
1102,1102,BTC_USDT,2023-11-07,34533.65,35919.0,35039.94,35391.66,92832088.0,35619.5
1103,1103,BTC_USDT,2023-11-08,35139.77,36091.74,35392.45,35619.5,92045752.0,36694.77
1104,1104,BTC_USDT,2023-11-09,35500.0,37946.03,35616.56,36694.77,127368312.0,36583.1
1105,1105,BTC_USDT,2023-11-10,36333.42,36891.0,36697.4,36583.1,61001320.0,37120.0
1106,1106,BTC_USDT,2023-11-11,36450.0,37276.57,36600.0,37120.0,88956424.0,37054.26
1107,1107,BTC_USDT,2023-11-12,36790.0,37500.0,37104.63,37054.26,150024256.0,36417.99
1108,1108,BTC_USDT,2023-11-13,36300.74,37330.0,37041.45,36417.99,93968424.0,35566.2
1109,1109,BTC_USDT,2023-11-14,35100.0,36741.4,36416.25,35566.2,168900432.0,37834.8
1110,1110,BTC_USDT,2023-11-15,35399.32,37874.17,35565.88,37834.8,156251744.0,36173.01
1111,1111,BTC_USDT,2023-11-16,35627.85,37875.0,37825.3,36173.01,144074128.0,36610.56
1112,1112,BTC_USDT,2023-11-17,35897.26,36681.1,36166.19,36610.56,152239328.0,36557.17
1113,1113,BTC_USDT,2023-11-18,36205.97,36828.05,36610.69,36557.17,141763952.0,37315.46
1114,1114,BTC_USDT,2023-11-19,36400.0,37430.03,36557.18,37315.46,101434232.0,37290.27
1115,1115,BTC_USDT,2023-11-20,37131.72,37343.89,37315.45,37290.27,3947048.5,37290.27
